"title_on_channel","sku_id","url_on_channel","url_on_channel"
"Renka Blue Acrylic Pullovers",1037824,"http://www.flipkart.com/item/PLOEBP45AY3YZJHG","http://www.snapdeal.com/product/page/686647548889"
"Renka Black Acrylic Pullovers",1037815,"http://www.flipkart.com/item/PLOEBP45YHF9ZXNJ","http://www.snapdeal.com/product/page/654651496422"
"Renka Black Cotton Blend Pullovers",1037476,"http://www.flipkart.com/item/PLOEBP45AF6ZXXGF","http://www.snapdeal.com/product/page/679886192850"
"Renka Pink Cotton Blend Pullovers",1037469,"http://www.flipkart.com/item/WCWE5JZTSWMGZDJ9","http://www.snapdeal.com/product/page/641487511772"
"Renka Black Acrylic Pullovers",1037685,"http://www.flipkart.com/item/PLOEBP46WCTQXXKQ","http://www.snapdeal.com/product/page/619979147778"
"Renka Green Cotton Blend Pullovers",1038116,"http://www.flipkart.com/item/PLOEBP46M9WNTEPP","http://www.snapdeal.com/product/page/380530796"
"Renka Maroon Acrylic Pullovers",1037694,"http://www.flipkart.com/item/PLOEBP45WAXFH6FH","http://www.snapdeal.com/product/page/624952762308"
"Renka Red Cotton Blend Pullovers",833201,"http://www.flipkart.com/item/PLOEBP456SBKKGBV","http://www.snapdeal.com/product/page/648213337"
"Renka Gray Acrylic Pullovers",1037798,"http://www.flipkart.com/item/PLOEBP46CANHA7GP","http://www.snapdeal.com/product/page/627616350837"
"Renka Maroon Acrylic Pullovers",1037693,"http://www.flipkart.com/item/PLOEBP455UMYC3TG","http://www.snapdeal.com/product/page/624952762308"
"Renka Green Cotton Blend Pullovers",1038099,"http://www.flipkart.com/item/PLOEBP45RM8Y2QHG","http://www.snapdeal.com/product/page/1086511498"
"Renka Beige Cotton Blend Pullovers",1038111,"http://www.flipkart.com/item/PLOEBP45ZTWSPTQN","http://www.snapdeal.com/product/page/2123844173"
"Renka Ghostwhite Acrylic Pullovers",1037680,"http://www.flipkart.com/item/PLOEBP46SSW5RTWT","http://www.snapdeal.com/product/page/621780761438"
"Renka Maroon Cotton Blend Pullovers",1038081,"http://www.flipkart.com/item/PLOEBP46TV6XCSRB","http://www.snapdeal.com/product/page/164912904"
"Renka Blue Acrylic Pullovers",1037714,"http://www.flipkart.com/item/PLOEBP45P82SEDZG","http://www.snapdeal.com/product/page/660981005495"
"Renka Purple Acrylic Pullovers",1037621,"http://www.flipkart.com/item/PLOEBP45YY4NMNEX","http://www.snapdeal.com/product/page/640754847809"
"Renka Maroon Cotton Blend Pullovers",1038148,"http://www.flipkart.com/item/PLOEBP45QBATQY77","http://www.snapdeal.com/product/page/30264408"
"Renka Red Cotton Blend Pullovers",1038068,"http://www.flipkart.com/item/PLOEBP45GXKYMNPU","http://www.snapdeal.com/product/page/1406914962"
"Renka Black Acrylic Pullovers",1037688,"http://www.flipkart.com/item/PLOEBP45HP7YRCZN","http://www.snapdeal.com/product/page/619979147778"
"Renka Red Cotton Blend Pullovers",1037454,"http://www.flipkart.com/item/PLOEBP45YZSGATZE","http://www.snapdeal.com/product/page/657127771582"
"Renka Blue Acrylic Pullovers",1037717,"http://www.flipkart.com/item/PLOEBP45FBB6EZJF","http://www.snapdeal.com/product/page/660981005495"
"Renka Pink Cotton Blend Pullovers",1037471,"http://www.flipkart.com/item/PLOEBP45GNQ8MGFW","http://www.snapdeal.com/product/page/641487511772"
"Renka Pink Cotton Blend Pullovers",1037471,"http://www.flipkart.com/item/PLOEBP45GNQ8MGFW","http://www.snapdeal.com/product/page/1473514199"
"Renka Ghostwhite Acrylic Pullovers",1037682,"http://www.flipkart.com/item/PLOEBP45NDZSEUDE","http://www.snapdeal.com/product/page/621780761438"
"Renka Pink Acrylic Pullovers",1037700,"http://www.flipkart.com/item/PLOEBP45K93ZWTWE","http://www.snapdeal.com/product/page/684606613218"
"Renka Black Acrylic Pullovers",1037683,"http://www.flipkart.com/item/PLOEBP45ZQYGDUWM","http://www.snapdeal.com/product/page/619979147778"
"Renka Pink Acrylic Pullovers",1037697,"http://www.flipkart.com/item/PLOEBP45TXAEKEJQ","http://www.snapdeal.com/product/page/684606613218"
"Renka Gray Acrylic Pullovers",1037801,"http://www.flipkart.com/item/PLOEBP45CMYTE6F7","http://www.snapdeal.com/product/page/627616350837"
"Renka Red Cotton Blend Pullovers",1038033,"http://www.flipkart.com/item/PLOEBP458XPRGRXJ","http://www.snapdeal.com/product/page/1086396994"
"Renka Black Acrylic Pullovers",1037818,"http://www.flipkart.com/item/PLOEBP45PHEGUDZB","http://www.snapdeal.com/product/page/654651496422"
"Renka Purple Acrylic Pullovers",1037658,"http://www.flipkart.com/item/PLOEBP45PXBZJDHH","http://www.snapdeal.com/product/page/638356857241"
"Renka Blue Acrylic Pullovers",1037821,"http://www.flipkart.com/item/PLOEBP466FVEWRGZ","http://www.snapdeal.com/product/page/686647548889"
"Renka Red Cotton Blend Pullovers",1038062,"http://www.flipkart.com/item/PLOEBP45CNSY9DAJ","http://www.snapdeal.com/product/page/1187734205"
"Renka Black Acrylic Pullovers",1037816,"http://www.flipkart.com/item/PLOEBP45296KSBVH","http://www.snapdeal.com/product/page/654651496422"
"Renka Ghostwhite Acrylic Pullovers",1037809,"http://www.flipkart.com/item/PLOEBP45NNWWNZXD","http://www.snapdeal.com/product/page/662064064962"
"Renka Ghostwhite Acrylic Pullovers",1037679,"http://www.flipkart.com/item/PLOEBP46R4NTNTCK","http://www.snapdeal.com/product/page/621780761438"
"Renka Red Cotton Blend Pullovers",1038086,"http://www.flipkart.com/item/PLOEBP45ZFXBZWFX","http://www.snapdeal.com/product/page/636473256"
"Renka Brown Acrylic Pullovers",1037803,"http://www.flipkart.com/item/PLOEBP45WH5BKEXY","http://www.snapdeal.com/product/page/671005298753"
"Renka Blue Acrylic Pullovers",1037825,"http://www.flipkart.com/item/PLOEBP45YJPRC7JJ","http://www.snapdeal.com/product/page/686647548889"
"Renka Yellow Poly Crepe Maxi Dress",561003,"http://www.flipkart.com/item/DREE7AWFJG8WGFRA","http://www.snapdeal.com/product/page/678182093999"
"Renka Black Acrylic Pullovers",1036270,"http://www.flipkart.com/item/PLOEB32TESDZB3XY","http://www.snapdeal.com/product/page/660941530289"
"Renka Gray Acrylic Pullovers",1037797,"http://www.flipkart.com/item/PLOEBP45WGZMK4YG","http://www.snapdeal.com/product/page/627616350837"
"Renka Black Acrylic Pullovers",1037687,"http://www.flipkart.com/item/PLOEBP45G5QWUDP4","http://www.snapdeal.com/product/page/619979147778"
"Renka Black Acrylic Pullovers",1037684,"http://www.flipkart.com/item/PLOEBP46C2A9BDBU","http://www.snapdeal.com/product/page/619979147778"
"Renka Blue Acrylic Pullovers",1037822,"http://www.flipkart.com/item/PLOEBP45HCXFVYFG","http://www.snapdeal.com/product/page/686647548889"
"Renka Brown Acrylic Pullovers",1037804,"http://www.flipkart.com/item/PLOEBP45QTMRC3ZG","http://www.snapdeal.com/product/page/671005298753"
"Renka Blue Acrylic Pullovers",1037718,"http://www.flipkart.com/item/PLOEBP45THBCAKCT","http://www.snapdeal.com/product/page/660981005495"
"Renka Ghostwhite Acrylic Pullovers",1037678,"http://www.flipkart.com/item/PLOEBP45TGFHJBTZ","http://www.snapdeal.com/product/page/621780761438"
"Renka Maroon Acrylic Pullovers",1037692,"http://www.flipkart.com/item/PLOEBP45YPZ2AATQ","http://www.snapdeal.com/product/page/624952762308"
"Renka Black Acrylic Pullovers",1037819,"http://www.flipkart.com/item/PLOEBP45TGR575CV","http://www.snapdeal.com/product/page/654651496422"
"Renka Blue Acrylic Pullovers",1037716,"http://www.flipkart.com/item/PLOEBP45CJQNUBEM","http://www.snapdeal.com/product/page/660981005495"
"Renka Black Acrylic Pullovers",1037817,"http://www.flipkart.com/item/PLOEBP45YNQHN38G","http://www.snapdeal.com/product/page/654651496422"
"Renka Red Cotton Blend Pullovers",1038127,"http://www.flipkart.com/item/PLOEBP45NK4ZDPUR","http://www.snapdeal.com/product/page/648213337"
"Renka Red Cotton Blend Pullovers",1038127,"http://www.flipkart.com/item/PLOEBP45NK4ZDPUR","http://www.snapdeal.com/product/page/284248277"
"Renka Ghostwhite Acrylic Pullovers",1037811,"http://www.flipkart.com/item/PLOEBP456YK52BKH","http://www.snapdeal.com/product/page/662064064962"
"Renka White Woollen Shrugs",1038286,"http://www.flipkart.com/item/RUGEBP9MPZSFGWYF","http://www.snapdeal.com/product/page/647613732441"
"Renka White Woollen Shrugs",1038287,"http://www.flipkart.com/item/RUGEBP9MFQKQYZY9","http://www.snapdeal.com/product/page/653515381460"
"Renka Black Acrylic Pullovers",1037814,"http://www.flipkart.com/item/PLOEBP45HHCXGUZG","http://www.snapdeal.com/product/page/654651496422"
"Renka Black Acrylic Pullovers",1037089,"http://www.flipkart.com/item/PLOEBJ72DQ9YGTWA","http://www.snapdeal.com/product/page/651242164508"
"Renka Black Acrylic Pullovers",1037870,"http://www.flipkart.com/item/TOPEBJJP8ZSHFUPM","http://www.snapdeal.com/product/page/675206943732"
"Renka Black Acrylic Pullovers",1037090,"http://www.flipkart.com/item/PLOEBJ72GCHEVPDZ","http://www.snapdeal.com/product/page/651242164508"
"Renka Red Acrylic Pullovers",1037093,"http://www.flipkart.com/item/PLOEBJ72ZR8RYCCX","http://www.snapdeal.com/product/page/677398836605"
"Renka Black Acrylic Pullovers",1037795,"http://www.flipkart.com/item/TOPEBKNP6JV7JHHY","http://www.snapdeal.com/product/page/636825495911"
"Renka Black Acrylic Pullovers",1037793,"http://www.flipkart.com/item/TOPEBKNPMGVBWYZV","http://www.snapdeal.com/product/page/636825495911"
"Renka Pink Acrylic Pullovers",1037770,"http://www.flipkart.com/item/TOPEBKNQUQHKQZV3","http://www.snapdeal.com/product/page/663843212143"
"Renka Black Cotton Blend Buttoned Cardigans",1038231,"http://www.flipkart.com/item/CGNEBFB9WGUUAZZN","http://www.snapdeal.com/product/page/627814334800"
"Renka Gray Cotton Blend Buttoned Cardigans",1038165,"http://www.flipkart.com/item/CGNEBFB969Z7V29Q","http://www.snapdeal.com/product/page/655112987505"
"Renka Red Cotton Blend Buttoned Cardigans",1038238,"http://www.flipkart.com/item/CGNEBFB9HCMEGA5Q","http://www.snapdeal.com/product/page/638912476453"
"Renka Pink Cotton Blend Buttoned Cardigans",1038189,"http://www.flipkart.com/item/CGNEBG5G2X4MQRHM","http://www.snapdeal.com/product/page/682365921103"
"Renka Black Acrylic Pullovers",1036266,"http://www.flipkart.com/item/PLOEB32UGGNSUBAE","http://www.snapdeal.com/product/page/660941530289"
"Renka Orange Acrylic Pullovers",1036340,"http://www.flipkart.com/item/PLOEB32TMDCZKCKZ","http://www.snapdeal.com/product/page/680811757195"
"Renka Orange Acrylic Pullovers",1036215,"http://www.flipkart.com/item/PLOEB32TYEGRJWVX","http://www.snapdeal.com/product/page/652997883626"
"Renka Orange Acrylic Pullovers",1036217,"http://www.flipkart.com/item/PLOEB32TCFWSZQE2","http://www.snapdeal.com/product/page/652997883626"
"Renka Maroon Acrylic Pullovers",1036201,"http://www.flipkart.com/item/PLOEB32TWMKEPCSJ","http://www.snapdeal.com/product/page/674823956846"
"Renka Maroon Acrylic Pullovers",1036454,"http://www.flipkart.com/item/PLOEB32TKJPW7HW5","http://www.snapdeal.com/product/page/685068398896"
"Renka Navy Acrylic Pullovers",1036246,"http://www.flipkart.com/item/PLOEB32TQHBRH27H","http://www.snapdeal.com//product/renka-purple-acrylic-pullovers/653680931633"
"Renka Purple Cotton Blend Skivvy",1036246,"http://www.flipkart.com/item/PLOEB32TQHBRH27H","http://www.snapdeal.com/product/page/1639364471"
"Renka Orange Acrylic Pullovers",1036216,"http://www.flipkart.com/item/PLOEB32THX2PFJDN","http://www.snapdeal.com/product/page/652997883626"
"Renka Red Acrylic Pullovers",1036440,"http://www.flipkart.com/item/PLOEB32TQ9UPZDWG","http://www.snapdeal.com/product/page/650151916648"
"Renka Blue Acrylic Pullovers",1036237,"http://www.flipkart.com/item/PLOEB32TMQNF9UFR","http://www.snapdeal.com/product/page/619875368861"
"Renka Green Acrylic Pullovers",1036186,"http://www.flipkart.com/item/PLOEB32TZNSGXMPG","http://www.snapdeal.com//product/renka-green-acrylic-pullovers/661955388268"
"Renka Green Cotton Blend Skivvy",1036186,"http://www.flipkart.com/item/PLOEB32TZNSGXMPG","http://www.snapdeal.com/product/page/1287968953"
"Renka Black Acrylic Pullovers",1036610,"http://www.flipkart.com/item/PLOEB32TVQYK93XR","http://www.snapdeal.com/product/page/624313765062"
"Renka Black Acrylic Pullovers",1036268,"http://www.flipkart.com/item/PLOEB32UTKJKTGJV","http://www.snapdeal.com/product/page/660941530289"
"Renka Maroon Acrylic Pullovers",1036455,"http://www.flipkart.com/item/PLOEB32TSYEUTZYG","http://www.snapdeal.com/product/page/685068398896"
"Renka Orange Acrylic Pullovers",1036339,"http://www.flipkart.com/item/PLOEB32TXHJT3BZA","http://www.snapdeal.com/product/page/680811757195"
"Renka Pink Acrylic Pullovers",1036222,"http://www.flipkart.com/item/PLOEB32TWNF3ZAQJ","http://www.snapdeal.com//product/renka-pink-acrylic-pullovers/683796243568"
"Renka Pink Cotton Blend Skivvy",1036222,"http://www.flipkart.com/item/PLOEB32TWNF3ZAQJ","http://www.snapdeal.com/product/page/736846700"
"Renka Purple Acrylic Pullovers",1036526,"http://www.flipkart.com/item/PLOEB32T7PQWV6ZX","http://www.snapdeal.com/product/page/670976119735"
"Renka Black Acrylic Pullovers",1036269,"http://www.flipkart.com/item/PLOEB32TZYBYTK2U","http://www.snapdeal.com/product/page/660941530289"
"Renka Orange Acrylic Pullovers",1036466,"http://www.flipkart.com/item/PLOEB32TZUBHJJTA","http://www.snapdeal.com/product/page/620914017577"
"Renka Pink Acrylic Pullovers",1036220,"http://www.flipkart.com/item/PLOEB32TTSXWGJZZ","http://www.snapdeal.com/product/page/683796243568"
"Renka Blue Acrylic Pullovers",1036179,"http://www.flipkart.com/item/PLOEB32TMTZN3MDH","http://www.snapdeal.com/product/page/618511057542"
"Renka Pink Acrylic Pullovers",1036351,"http://www.flipkart.com/item/PLOEB32TKHH7CARC","http://www.snapdeal.com/product/page/678562494291"
"Renka Orange Acrylic Pullovers",1036467,"http://www.flipkart.com/item/PLOEB32TZAVRYEVW","http://www.snapdeal.com/product/page/620914017577"
"Renka Purple Acrylic Pullovers",1036273,"http://www.flipkart.com/item/PLOEB32THCBFRE2D","http://www.snapdeal.com/product/page/620839526483"
"Renka Blue Acrylic Pullovers",1036178,"http://www.flipkart.com/item/PLOEB32TWGHC4JTS","http://www.snapdeal.com/product/page/618511057542"
"Renka Purple Acrylic Pullovers",1036257,"http://www.flipkart.com/item/PLOEB32TFRHBG8JH","http://www.snapdeal.com//product/renka-purple-acrylic-pullovers/623306722105"
"Renka Purple Cotton Blend Skivvy",1036257,"http://www.flipkart.com/item/PLOEB32TFRHBG8JH","http://www.snapdeal.com/product/page/1773040802"
"Renka Pink Acrylic Pullovers",1036478,"http://www.flipkart.com/item/PLOEB32TDFF3HRTR","http://www.snapdeal.com/product/page/670258366244"
"Renka Purple Acrylic Pullovers",1036275,"http://www.flipkart.com/item/PLOEB32TRB9ZYBY2","http://www.snapdeal.com/product/page/620839526483"
"Renka Orange Acrylic Pullovers",1036214,"http://www.flipkart.com/item/PLOEB32TBTHG5DKN","http://www.snapdeal.com/product/page/652997883626"
"Renka Blue Acrylic Pullovers",1036239,"http://www.flipkart.com/item/PLOEB32T24THDQ7N","http://www.snapdeal.com//product/renka-blue-acrylic-pullovers/619875368861"
"Renka Blue Cotton Blend Skivvy",1036239,"http://www.flipkart.com/item/PLOEB32T24THDQ7N","http://www.snapdeal.com/product/page/265509488"
"Renka Pink Acrylic Pullovers",1036354,"http://www.flipkart.com/item/PLOEB32TG96TFDCC","http://www.snapdeal.com/product/page/678562494291"
"Renka Pink Cotton Blend Skivvy",1036354,"http://www.flipkart.com/item/PLOEB32TG96TFDCC","http://www.snapdeal.com/product/page/1219012698"
"Renka Blue Acrylic Pullovers",1036366,"http://www.flipkart.com/item/PLOEB32T7AHEMUHX","http://www.snapdeal.com/product/page/674250778356"
"Renka Blue Cotton Blend Skivvy",1036366,"http://www.flipkart.com/item/PLOEB32T7AHEMUHX","http://www.snapdeal.com/product/page/550841734"
"Renka Purple Acrylic Pullovers",1036274,"http://www.flipkart.com/item/PLOEB32TGRDBJGFX","http://www.snapdeal.com/product/page/620839526483"
"Renka Gray Acrylic Pullovers",1036424,"http://www.flipkart.com/item/PLOEB56UFHKYC5GB","http://www.snapdeal.com/product/page/625703906597"
"Renka Purple Cotton Blend Pullovers",657501,"http://www.flipkart.com/item/PLOEY7H4VNHZPTEF","http://www.snapdeal.com/product/page/2039188531"
"Renka Maroon Cotton Blend Pullovers",657501,"http://www.flipkart.com/item/PLOEY7H4VNHZPTEF","http://www.snapdeal.com/product/page/1302071483"
"Renka Gray Cotton Blend Skivvy",657487,"http://www.flipkart.com/item/PLODZYXFKXBZXK4T","http://www.snapdeal.com/product/page/752635143"
"Renka Purple Cotton Blend Pullovers",657489,"http://www.flipkart.com/item/PLOEY7H4YGBM3NY9","http://www.snapdeal.com/product/page/1424565188"
"Renka Black Acrylic Buttoned Cardigans",1036580,"http://www.flipkart.com/item/CGNEB3UZ5ZZ2NFMG","http://www.snapdeal.com/product/page/682737371930"
"Renka Pink Acrylic Pullovers",1036837,"http://www.flipkart.com/item/PLOEBJ72ZHHQBFEY","http://www.snapdeal.com/product/page/662309441116"
"Renka White Crepe Jumpsuits",839930,"http://www.flipkart.com/item/JUMEABUEZXACT6XY","http://www.snapdeal.com/product/page/636889599150"
"Renka Black Acrylic Pullovers",1036847,"http://www.flipkart.com/item/PLOEBJ72VEUQF9FS","http://www.snapdeal.com/product/page/636399088965"
"Renka Blue Acrylic Buttoned Cardigans",1036591,"http://www.flipkart.com/item/CGNEB3UZTY7BTCFN","http://www.snapdeal.com/product/page/682714500230"
"Renka Pink Cotton Blend Pullovers",657547,"http://www.flipkart.com/item/PLOEY7H4GBH6YA9K","http://www.snapdeal.com/product/page/1274630818"
"Renka Purple Cotton Blend Pullovers",657462,"http://www.flipkart.com/item/PLOEY7H4AT8YDH4G","http://www.snapdeal.com/product/page/2039188531"
"Renka Blue Crepe Jumpsuits",839924,"http://www.flipkart.com/item/JUMEABUEKEYADXBW","http://www.snapdeal.com/product/page/628477763903"
"Renka White Cotton Blend Pullovers",1447284,"http://www.flipkart.com/item/PLOEBZW9JWY3EWJR","http://www.snapdeal.com/product/page/629244067771"
"Renka Red Acrylic Ponchos & Capes",1037200,"http://www.flipkart.com/item/PONEC896BP2RZCDG","http://www.snapdeal.com/product/page/652848904397"
"Renka Maroon Acrylic Ponchos & Capes",1037205,"http://www.flipkart.com/item/PONEC8967NN2BVWP","http://www.snapdeal.com/product/page/662952486935"
"Renka Blue Acrylic Ponchos & Capes",1037203,"http://www.flipkart.com/item/PONEC896MJ6USKWY","http://www.snapdeal.com/product/page/619197016033"
"Renka Black Acrylic Ponchos & Capes",1037204,"http://www.flipkart.com/item/PONEC896FFBUB3GH","http://www.snapdeal.com/product/page/677607879055"
"Renka Green Acrylic Ponchos & Capes",1503073,"http://www.flipkart.com/item/PONEC896FQ6XBHMF","http://www.snapdeal.com/product/page/669686292855"
"Renka Black Acrylic Kurti",1036741,"http://www.flipkart.com/item/KRTECGFUXGHW3FMJ","http://www.snapdeal.com/product/page/621257112754"
"Renka Purple Acrylic Kurti",1037070,"http://www.flipkart.com/item/KRTECGFUZMTPZBMF","http://www.snapdeal.com/product/page/671177634700"
"Renka Ghostwhite Acrylic Pullovers",1036544,"http://www.flipkart.com/item/PLOEB32TCGBHJDC8","http://www.snapdeal.com/product/page/631210987655"
"Renka Gray Acrylic Pullovers",1037799,"http://www.flipkart.com/item/PLOEBP46CYTCNXBY","http://www.snapdeal.com/product/page/627616350837"
"Renka Green Acrylic Pullovers",1036860,"http://www.flipkart.com/item/PLOEBJ72EYMKFBAB","http://www.snapdeal.com/product/page/637771465581"
"Renka Pink Acrylic Pullovers",1036221,"http://www.flipkart.com/item/PLOEB32TXFWFZTQT","http://www.snapdeal.com/product/page/683796243568"
"Renka Turquoise Cotton Blend Buttoned Cardigans",1038172,"http://www.flipkart.com/item/CGNEBFBADVWZW3MZ","http://www.snapdeal.com/product/page/657992304194"
"Renka Blue Acrylic Pullovers",1037823,"http://www.flipkart.com/item/PLOEBP45TPDZM3H7","http://www.snapdeal.com/product/page/686647548889"
"Renka Pink Cotton Blend Buttoned Cardigans",1038182,"http://www.flipkart.com/item/CGNEBG5GU8BD4ZHC","http://www.snapdeal.com/product/page/642488229308"
"Renka Pink Acrylic Pullovers",1037914,"http://www.flipkart.com/item/TOPEBJJPRSTZBPTP","http://www.snapdeal.com/product/page/618865169906"
"Renka Black Cotton Blend Pullovers",1038122,"http://www.flipkart.com/item/PLOEBP45NNNRQJUC","http://www.snapdeal.com/product/page/1542408975"
"Renka Black Cotton Blend Pullovers",1038122,"http://www.flipkart.com/item/PLOEBP45NNNRQJUC","http://www.snapdeal.com/product/page/462838880"
"Renka Black Cotton Blend Pullovers",1037381,"http://www.flipkart.com/item/PLOEBJ72XH9KFTA8","http://www.snapdeal.com/product/page/649486128034"
"Renka Black Cotton Blend Pullovers",1037381,"http://www.flipkart.com/item/PLOEBJ72XH9KFTA8","http://www.snapdeal.com/product/page/364050197"
"Renka White Cotton Blend Buttoned Cardigans",1038159,"http://www.flipkart.com/item/CGNEBFB9ZZCE5SSJ","http://www.snapdeal.com/product/page/660321418669"
"Renka Turquoise Cotton Blend Buttoned Cardigans",1038170,"http://www.flipkart.com/item/CGNEBFBASFGG7AA2","http://www.snapdeal.com/product/page/657992304194"
"Renka Purple Acrylic Pullovers",1037924,"http://www.flipkart.com/item/TOPEBJJZXYPGQ944","http://www.snapdeal.com/product/page/651014714144"
"Renka Beige Acrylic Pullovers",1036263,"http://www.flipkart.com/item/PLOEB32UVFEQSWVZ","http://www.snapdeal.com/product/page/620110998950"
"Renka Beige Cotton Blend Skivvy",1036263,"http://www.flipkart.com/item/PLOEB32UVFEQSWVZ","http://www.snapdeal.com/product/page/646666653"
"Renka Orange Cotton Blend Buttoned Cardigans",1038207,"http://www.flipkart.com/item/CGNEBFBBGPFNFY2H","http://www.snapdeal.com/product/page/679083991900"
"Renka Black Acrylic Pullovers",1036271,"http://www.flipkart.com/item/PLOEB32TWBG9FRAH","http://www.snapdeal.com/product/page/660941530289"
"Renka Pink Acrylic Pullovers",1037909,"http://www.flipkart.com/item/TOPEBJJPQNRWAQYB","http://www.snapdeal.com/product/page/618865169906"
"Renka Purple Acrylic Pullovers",1037098,"http://www.flipkart.com/item/PLOEBJ72AEYHBDMN","http://www.snapdeal.com/product/page/632665016194"
"Renka Black Acrylic Buttoned Cardigans",1036579,"http://www.flipkart.com/item/CGNEB3UZZCQZZTT4","http://www.snapdeal.com/product/page/682737371930"
"Renka Black Cotton Blend Pullovers",1037380,"http://www.flipkart.com/item/PLOEBJ72ZAHGNUBG","http://www.snapdeal.com/product/page/649486128034"
"Renka Black Acrylic Pullovers",1037686,"http://www.flipkart.com/item/PLOEBP45HMHEP8WZ","http://www.snapdeal.com/product/page/619979147778"
"Renka Brown Acrylic Pullovers",1037712,"http://www.flipkart.com/item/PLOEBP45SSQZFGZ6","http://www.snapdeal.com/product/page/643558366726"
"Renka Maroon Acrylic Pullovers",1037691,"http://www.flipkart.com/item/PLOEBP45HEPT2NBM","http://www.snapdeal.com/product/page/624952762308"
"Renka Blue Acrylic Pullovers",1037715,"http://www.flipkart.com/item/PLOEBP45JGNVRMSG","http://www.snapdeal.com/product/page/660981005495"
"Renka Brown Acrylic Pullovers",1037711,"http://www.flipkart.com/item/PLOEBP45ZDAG6GFE","http://www.snapdeal.com/product/page/643558366726"
"Renka Purple Acrylic Pullovers",1037657,"http://www.flipkart.com/item/PLOEBP45G6GEGDVD","http://www.snapdeal.com/product/page/638356857241"
"Renka Purple Acrylic Pullovers",1036509,"http://www.flipkart.com/item/PLOEB32TJKEYAWMZ","http://www.snapdeal.com/product/page/683131452134"
"Renka Maroon Acrylic Pullovers",1037690,"http://www.flipkart.com/item/PLOEBP46ZRHAGXPJ","http://www.snapdeal.com/product/page/624952762308"
"Renka Orange Cotton Blend Skivvy",657528,"http://www.flipkart.com/item/PLODZYXFZTZJ3TRS","http://www.snapdeal.com/product/page/1501963947"
"Renka Blue Acrylic Buttoned Cardigans",1036607,"http://www.flipkart.com/item/CGNEB3UZZ5JUSVRA","http://www.snapdeal.com/product/page/682071998442"
"Renka Black Acrylic Pullovers",1036613,"http://www.flipkart.com/item/PLOEB32TR8HCVGJP","http://www.snapdeal.com/product/page/624313765062"
"Renka Black Acrylic Pullovers",1036848,"http://www.flipkart.com/item/PLOEBJ72G9Z7YV9W","http://www.snapdeal.com/product/page/636399088965"
"Renka Cream Lycra Cotton Comfortable Tank Top For Women",561086,"http://www.flipkart.com/item/CSPE7JHG9MRZJW2X","http://www.snapdeal.com/product/page/641001171858"
"Renka Black Acrylic Pullovers",1037091,"http://www.flipkart.com/item/PLOEBJ72ADQAP4QJ","http://www.snapdeal.com/product/page/651242164508"
"Renka Black Cotton Blend Skivvy",657484,"http://www.flipkart.com/item/PLODZYXFGQYHPYFE","http://www.snapdeal.com/product/page/1421689129"
"Renka Black Cotton Blend Pullovers",1037597,"http://www.flipkart.com/item/PLOECRY792DBMD46","http://www.snapdeal.com/product/page/1824561624"
"Renka Black Cotton Blend Pullovers",1037597,"http://www.flipkart.com/item/PLOECRY792DBMD46","http://www.snapdeal.com//product/renka-black-knitted-winter-pullover/246641615"
"Renka Pink Acrylic Pullovers",1037698,"http://www.flipkart.com/item/PLOEBP458BEZUEUY","http://www.snapdeal.com/product/page/684606613218"
"Renka Black Acrylic Pullovers",1037083,"http://www.flipkart.com/item/PLOEBJ72ANG76Q2Z","http://www.snapdeal.com/product/page/686891402084"
"Renka Green Cotton Blend Pullovers",1037209,"http://www.flipkart.com/item/PLOEBJ72ACFYZBAP","http://www.snapdeal.com/product/page/348046318"
"Renka Red Cotton Blend Pullovers",1038050,"http://www.flipkart.com/item/PLOEBP4548QGHZ5W","http://www.snapdeal.com/product/page/93961226"
"Renka Blue Acrylic Buttoned Cardigans",1036594,"http://www.flipkart.com/item/CGNEB3UYG4T4ZTHG","http://www.snapdeal.com/product/page/682714500230"
"Renka Blue Cotton Blend Skivvy",657517,"http://www.flipkart.com/item/PLODZYXFQCSA6VZN","http://www.snapdeal.com/product/page/351111449"
"Renka Red Acrylic Pullovers",1036189,"http://www.flipkart.com/item/PLOEB32THPFFKVZQ","http://www.snapdeal.com/product/page/667345558820"
"Renka Red Cotton Blend Pullovers",1038051,"http://www.flipkart.com/item/PLOEBP45ZQ6PVZFF","http://www.snapdeal.com/product/page/93961226"
"Renka Brown Acrylic Pullovers",1037710,"http://www.flipkart.com/item/PLOEBP46PSNY3Z5J","http://www.snapdeal.com/product/page/643558366726"
"Renka Gray Acrylic Pullovers",1037907,"http://www.flipkart.com/item/TOPEBJJP6AQABYR9","http://www.snapdeal.com/product/page/673273672618"
"Renka White Crepe Jumpsuits",839917,"http://www.flipkart.com/item/JUMEABUEJRPS2A22","http://www.snapdeal.com/product/page/680234646858"
"Renka Red Acrylic Pullovers",1036868,"http://www.flipkart.com/item/PLOEBJ723HPSGWR6","http://www.snapdeal.com/product/page/640635221570"
"Renka Green Cotton Blend Pullovers",1038098,"http://www.flipkart.com/item/PLOEBP45XSNCHBMR","http://www.snapdeal.com/product/page/1086511498"
"Renka Navy Acrylic Pullovers",1036243,"http://www.flipkart.com/item/PLOEB32TRNXGTYFD","http://www.snapdeal.com/product/page/653680931633"
"Renka Maroon Acrylic Pullovers",1036331,"http://www.flipkart.com/item/PLOEB32TRWEW9KWG","http://www.snapdeal.com/product/page/668004598932"
"Renka Green Acrylic Pullovers",1036859,"http://www.flipkart.com/item/PLOEBJ72H5FC4BJG","http://www.snapdeal.com/product/page/637771465581"
"Renka Ghostwhite Acrylic Pullovers",1037812,"http://www.flipkart.com/item/PLOEBP45GVBYGZQX","http://www.snapdeal.com/product/page/662064064962"
"Renka Red Cotton Blend Pullovers",1038074,"http://www.flipkart.com/item/PLOEBP45DPJTAGGS","http://www.snapdeal.com/product/page/1988844167"
"Renka Black Cotton Blend Pullovers",1037444,"http://www.flipkart.com/item/PLOEBSBY6FGG6ZCG","http://www.snapdeal.com/product/page/625084238378"
"Renka Brown Acrylic Pullovers",1037709,"http://www.flipkart.com/item/PLOEBP45AZAKS5AG","http://www.snapdeal.com/product/page/643558366726"
"Renka Ghostwhite Acrylic Pullovers",1037810,"http://www.flipkart.com/item/PLOEBP45UVYU26XB","http://www.snapdeal.com/product/page/662064064962"
"Renka Black Cotton Blend Pullovers",1037496,"http://www.flipkart.com/item/PLOEBP45GCHUFEPS","http://www.snapdeal.com/product/page/752224777"
"Renka Black Cotton Blend Pullovers",1037496,"http://www.flipkart.com/item/PLOEBP45GCHUFEPS","http://www.snapdeal.com//product/renka-black-cotton-blend-pullovers/622309798585"
"Renka Red Acrylic Pullovers",1036357,"http://www.flipkart.com/item/PLOEB32T9ZY795WZ","http://www.snapdeal.com/product/page/639594245001"
"Renka Maroon Acrylic Pullovers",1036204,"http://www.flipkart.com/item/PLOEB32THGZ3QZ3T","http://www.snapdeal.com//product/renka-maroon-acrylic-pullovers/674823956846"
"Renka Skivvy Maroon Knitted Winter Top-(l) -skivvy-maroon-rn1",1036204,"http://www.flipkart.com/item/PLOEB32THGZ3QZ3T","http://www.snapdeal.com/product/page/1501996238"
"Renka Red Cotton Blend Pullovers",1038075,"http://www.flipkart.com/item/PLOEBP45BDPB64VE","http://www.snapdeal.com/product/page/1988844167"
"Renka Green Acrylic Pullovers",1037323,"http://www.flipkart.com/item/PLOEBJ72MACCR5JS","http://www.snapdeal.com/product/page/647691705831"
"Renka Red Cotton Blend Pullovers",1037456,"http://www.flipkart.com/item/PLOEBP45EVYQFUSG","http://www.snapdeal.com/product/page/657127771582"
"Renka Maroon Cotton Blend Pullovers",657452,"http://www.flipkart.com/item/PLOEY7H4RVDZKHS2","http://www.snapdeal.com/product/page/1082750977"
"Renka Black Cotton Blend Skivvy",657516,"http://www.flipkart.com/item/PLODZYXFRDPGEUAG","http://www.snapdeal.com/product/page/564182431"
"Renka Yellow Acrylic Kurti",1036681,"http://www.flipkart.com/item/KRTECGFUERY8W63G","http://www.snapdeal.com/product/page/668000138326"
"Renka Blue Cotton Blend Pullovers",1038143,"http://www.flipkart.com/item/PLOEBP45HNWGEZWF","http://www.snapdeal.com/product/page/331520716"
"Renka Blue Cotton Blend Pullovers",1038143,"http://www.flipkart.com/item/PLOEBP45HNWGEZWF","http://www.snapdeal.com//product/renka-blue-knitted-winter-pullover/753475619"
"Renka Black Cotton Blend Pullovers",1037497,"http://www.flipkart.com/item/PLOEBP4658TXTHUR","http://www.snapdeal.com/product/page/622309798585"
"Renka Red Cotton Blend Pullovers",1038032,"http://www.flipkart.com/item/PLOEBP459XBCJGQU","http://www.snapdeal.com/product/page/1086396994"
"Renka White Lycra Cotton Comfortable Tank Top For Women",561151,"http://www.flipkart.com/item/CSPE7JHGPTD3ZX7F","http://www.snapdeal.com/product/page/632003271215"
"Renka Maroon Cotton Blend Pullovers",1038080,"http://www.flipkart.com/item/PLOEBP45GEW9BARC","http://www.snapdeal.com/product/page/164912904"
"Renka Black Cotton Blend Pullovers",1037478,"http://www.flipkart.com/item/PLOEBP45FW32ZPZS","http://www.snapdeal.com//product/renka-black-cotton-blend-pullovers/679886192850"
"Renka Black Cotton Blend Pullovers",1037478,"http://www.flipkart.com/item/PLOEBP45FW32ZPZS","http://www.snapdeal.com/product/page/1222962784"
"Renka Yellow Acrylic Buttoned Cardigans",1036587,"http://www.flipkart.com/item/CGNEB3UYT3PNDGMT","http://www.snapdeal.com/product/page/672843534697"
"Renka Yellow Acrylic Buttoned Cardigans",1036589,"http://www.flipkart.com/item/CGNEB3UZYCHAYNBG","http://www.snapdeal.com/product/page/672843534697"
"Renka Green Cotton Blend Skivvy",657502,"http://www.flipkart.com/item/PLODZYXFCMHNZBGV","http://www.snapdeal.com/product/page/395205672"
"Renka Pink Acrylic Pullovers",1547133,"http://www.flipkart.com/item/PLOECRY7HDBERR42","http://www.snapdeal.com/product/page/626885156992"
"Renka Red Cotton Blend Pullovers",1037344,"http://www.flipkart.com/item/PLOEBJ72JUZAWYZF","http://www.snapdeal.com/product/page/628264465645"
"Renka Navy Acrylic Pullovers",1036244,"http://www.flipkart.com/item/PLOEB32TSS3CVMDB","http://www.snapdeal.com/product/page/653680931633"
"Renka Maroon Acrylic Pullovers",1036330,"http://www.flipkart.com/item/PLOEB32TGHCZD7XY","http://www.snapdeal.com/product/page/668004598932"
"Renka Purple Acrylic Pullovers",1037251,"http://www.flipkart.com/item/PLOEBJ72EKAS7VRZ","http://www.snapdeal.com/product/page/649506620757"
"Renka Blue Acrylic Pullovers",1036851,"http://www.flipkart.com/item/PLOEBJ72CBQSNVRN","http://www.snapdeal.com/product/page/652086679838"
"Renka Purple Cotton Blend Skivvy",657494,"http://www.flipkart.com/item/PLODZYXFHEAUTTQR","http://www.snapdeal.com/product/page/1101911327"
"Renka Black Acrylic Pullovers",1037649,"http://www.flipkart.com/item/PLOEBP46NYZWYYS7","http://www.snapdeal.com/product/page/657583248363"
"Renka Black Round Neck Cotton Blend Pullovers",1037649,"http://www.flipkart.com/item/PLOEBP46NYZWYYS7","http://www.snapdeal.com/product/page/931640927"
"Renka Red Acrylic Pullovers",1036190,"http://www.flipkart.com/item/PLOEB32TUPND3CF8","http://www.snapdeal.com/product/page/667345558820"
"Renka Blue Acrylic Buttoned Cardigans",1036593,"http://www.flipkart.com/item/CGNEB3UZQWQYGGTZ","http://www.snapdeal.com/product/page/682714500230"
"Renka Black Acrylic Pullovers",1037952,"http://www.flipkart.com/item/TOPEBJJPHYQACJDU","http://www.snapdeal.com/product/page/672863773647"
"Renka Orange Lycra Cotton Comfortable Tank Top For Women",561142,"http://www.flipkart.com/item/CSPE7JHGC6ESSPHW","http://www.snapdeal.com/product/page/681607404058"
"Renka Green Acrylic Stripes",1038027,"http://www.flipkart.com/item/TOPEBJJQV4ZMDFKK","http://www.snapdeal.com//product/renka-green-acrylic-stripes/672433022708"
"Renka Green Cotton Blend Pullovers",1038027,"http://www.flipkart.com/item/TOPEBJJQV4ZMDFKK","http://www.snapdeal.com/product/page/1743856311"
"Renka Maroon Acrylic Pullovers",1037937,"http://www.flipkart.com/item/TOPEBJJPGUGTTTYV","http://www.snapdeal.com//product/renka-maroon-acrylic-pullovers/675020191522"
"Renka Maroon Cotton Blend Pullovers",1037937,"http://www.flipkart.com/item/TOPEBJJPGUGTTTYV","http://www.snapdeal.com/product/page/227293789"
"Renka Blue Poly Georgette Dresses",560841,"http://www.flipkart.com/item/DREE6ZHHSQZGGCHV","http://www.snapdeal.com/product/page/642441230431"
"Renka Black Acrylic Buttoned Cardigans",1036578,"http://www.flipkart.com/item/CGNEB3UZBYKXVDNQ","http://www.snapdeal.com/product/page/682737371930"
"Renka Grey Lycra Cotton Comfortable Tank Top For Women",561325,"http://www.flipkart.com/item/CSPE7JHGZT5WBFX3","http://www.snapdeal.com/product/page/621605454088"
"Renka Purple Lycra Cotton Comfortable Tank Top For Women",561100,"http://www.flipkart.com/item/CSPE7JHGQTJFTFXE","http://www.snapdeal.com/product/page/620266422194"
"Renka Pink Cotton Blend Pullovers",657555,"http://www.flipkart.com/item/TOPEY7H4FR8XQUVJ","http://www.snapdeal.com/product/page/1469947898"
"Renka Pink Cotton Blend Skivvy",657464,"http://www.flipkart.com/item/PLODZYXFHAGPPWTS","http://www.snapdeal.com/product/page/116193676"
"Renka Multi Color Cotton Dresses",560616,"http://www.flipkart.com/item/DREE6ZHHG5HT3JHW","http://www.snapdeal.com/product/page/626034694097"
"Renka White Cotton Blend Skivvy",657472,"http://www.flipkart.com/item/PLOEY7H4QCDCZTRQ","http://www.snapdeal.com/product/page/42413646"
"Renka Maroon Cotton Blend Pullovers",657451,"http://www.flipkart.com/item/PLOEY7H4ZFSR3Y8E","http://www.snapdeal.com/product/page/1082750977"
"Renka Black Acrylic Pullovers",1037871,"http://www.flipkart.com/item/TOPEBJJPUA5W4UXF","http://www.snapdeal.com/product/page/675206943732"
"Renka Black Cotton Blend Pullovers",1037871,"http://www.flipkart.com/item/TOPEBJJPUA5W4UXF","http://www.snapdeal.com/product/page/2057782344"
"Renka Pink Acrylic Pullovers",1547136,"http://www.flipkart.com/item/PLOECRY78G5GESMP","http://www.snapdeal.com/product/page/626885156992"
"Renka Maroon Acrylic Pullovers",1037936,"http://www.flipkart.com/item/TOPEBJJPDFF5YHGZ","http://www.snapdeal.com//product/renka-maroon-acrylic-pullovers/675020191522"
"Renka Maroon Cotton Blend Pullovers",1037936,"http://www.flipkart.com/item/TOPEBJJPDFF5YHGZ","http://www.snapdeal.com/product/page/227293789"
"Renka Green Lycra Cotton Comfortable Tank Top For Women",561208,"http://www.flipkart.com/item/CSPE7JHG2ZNF3H4T","http://www.snapdeal.com/product/page/653479964441"
"Renka White Lycra Cotton Comfortable Tank Top For Women",561155,"http://www.flipkart.com/item/CSPE7JHGMVPVQFAH","http://www.snapdeal.com/product/page/632003271215"
"Renka Maroon Acrylic Pullovers",1036328,"http://www.flipkart.com/item/PLOEB32TPYAHX7SZ","http://www.snapdeal.com/product/page/668004598932"
"Renka Pink Acrylic Pullovers",1037912,"http://www.flipkart.com/item/TOPEBJJPBYSQCFFW","http://www.snapdeal.com/product/page/1473936847"
"Renka Dark Mauve Lycra Cotton Comfortable Tank Top For Women",561123,"http://www.flipkart.com/item/CSPE7JHG92GVY7NZ","http://www.snapdeal.com/product/page/677260616451"
"Renka Pink Lycra Cotton Comfortable Tank Top For Women",561130,"http://www.flipkart.com/item/CSPE7JHGHD5HGZVY","http://www.snapdeal.com/product/page/633842463446"
"Renka Red Acrylic Stripes",1038014,"http://www.flipkart.com/item/TOPEBJJQRG3YPFAW","http://www.snapdeal.com//product/renka-red-acrylic-stripes/648293256657"
"Renka Maroon Cotton Blend Pullovers",1038014,"http://www.flipkart.com/item/TOPEBJJQRG3YPFAW","http://www.snapdeal.com/product/page/428299332"
"Renka Light Blue Lycra Cotton Comfortable Tank Top For Women",561113,"http://www.flipkart.com/item/CSPE7K3HASSGWV7F","http://www.snapdeal.com/product/page/663399304576"
"Renka Orange Lycra Cotton Comfortable Tank Top For Women",561145,"http://www.flipkart.com/item/CSPE7JHGW74HBETW","http://www.snapdeal.com/product/page/681607404058"
"Renka Green Acrylic Pullovers",1036185,"http://www.flipkart.com/item/PLOEB32TGZVEZEZZ","http://www.snapdeal.com//product/renka-green-acrylic-pullovers/661955388268"
"Renka Green Cotton Blend Skivvy",1036185,"http://www.flipkart.com/item/PLOEB32TGZVEZEZZ","http://www.snapdeal.com/product/page/1287968953"
"Renka Pink Acrylic Pullovers",1547137,"http://www.flipkart.com/item/PLOECRY74ESS4EZN","http://www.snapdeal.com/product/page/626885156992"
"Renka Ghostwhite Acrylic Pullovers",1037681,"http://www.flipkart.com/item/PLOEBP45NCNNGHXG","http://www.snapdeal.com/product/page/621780761438"
"Renka Black Acrylic Pullovers",1037796,"http://www.flipkart.com/item/TOPEBKNPQZYNZTT4","http://www.snapdeal.com/product/page/636825495911"
"Renka Pink Acrylic Pullovers",1547134,"http://www.flipkart.com/item/PLOECRY7JHFCHRYG","http://www.snapdeal.com/product/page/626885156992"
"Renka Green Lycra Cotton Comfortable Tank Top For Women",561070,"http://www.flipkart.com/item/CSPE7JHGRTUTTSX3","http://www.snapdeal.com/product/page/639290814589"
"Renka Multi Color Cotton Dresses",560724,"http://www.flipkart.com/item/DREE6ZHHGHTGGZZD","http://www.snapdeal.com/product/page/627798312225"
"Renka Gray Acrylic Pullovers",1036855,"http://www.flipkart.com/item/PLOEBJ72KGZBVB9Z","http://www.snapdeal.com/product/page/644872489954"
"Renka Black Cotton Blend Pullovers",657551,"http://www.flipkart.com/item/PLOEY7H4GFZHAKRZ","http://www.snapdeal.com/product/page/699314127"
"Renka Brown Acrylic Pullovers",1037805,"http://www.flipkart.com/item/PLOEBP46AKE37GZZ","http://www.snapdeal.com/product/page/671005298753"
"Renka Green Cotton Blend Pullovers",1038117,"http://www.flipkart.com/item/PLOEBP46VDQWNHF4","http://www.snapdeal.com/product/page/1525708862"
"Renka Green Cotton Blend Pullovers",1038117,"http://www.flipkart.com/item/PLOEBP46VDQWNHF4","http://www.snapdeal.com/product/page/380530796"
"Renka Black Cotton Blend Pullovers",1037477,"http://www.flipkart.com/item/PLOEBP45Q3ZJZZGD","http://www.snapdeal.com//product/renka-black-cotton-blend-pullovers/679886192850"
"Renka Black Cotton Blend Pullovers",1037477,"http://www.flipkart.com/item/PLOEBP45Q3ZJZZGD","http://www.snapdeal.com/product/page/1222962784"
"Renka Black Acrylic Pullovers",1037085,"http://www.flipkart.com/item/PLOEBJ728QXVM63C","http://www.snapdeal.com/product/page/639194028173"
"Renka Black Acrylic Pullovers",1037081,"http://www.flipkart.com/item/PLOEBJ72QCFPET3N","http://www.snapdeal.com/product/page/686891402084"
"Renka Black Acrylic Pullovers",1037087,"http://www.flipkart.com/item/PLOEBJ72CHAGJJGR","http://www.snapdeal.com/product/page/639194028173"
"Renka Black Acrylic Pullovers",1037086,"http://www.flipkart.com/item/PLOEBJ72W55JTQAS","http://www.snapdeal.com/product/page/639194028173"
"Renka Red Acrylic Pullovers",1037310,"http://www.flipkart.com/item/PLOEBJ72THJPGA88","http://www.snapdeal.com/product/page/654172666208"
"Renka Blue Acrylic Pullovers",1037303,"http://www.flipkart.com/item/PLOEBJ72SNM3VPDY","http://www.snapdeal.com/product/page/685383572699"
"Renka Blue Acrylic Pullovers",1037305,"http://www.flipkart.com/item/PLOEBJ72UGZTJESF","http://www.snapdeal.com/product/page/685383572699"
"Renka Purple Acrylic Pullovers",1037659,"http://www.flipkart.com/item/PLOEBP46RPKEDZYD","http://www.snapdeal.com/product/page/638356857241"
"Renka Purple Acrylic Pullovers",1037660,"http://www.flipkart.com/item/PLOEBP46DYE8SWNJ","http://www.snapdeal.com/product/page/638356857241"
"Renka Purple Cotton Blend Pullovers",1037654,"http://www.flipkart.com/item/PLOEBP467DBYBV5S","http://www.snapdeal.com/product/page/1005908854"
"Renka Purple Cotton Blend Pullovers",1037654,"http://www.flipkart.com/item/PLOEBP467DBYBV5S","http://www.snapdeal.com//product/renka-purple-round-neck-cotton/1502071879"
"Renka Blue Acrylic Pullovers",1037654,"http://www.flipkart.com/item/PLOEBP467DBYBV5S","http://www.snapdeal.com//product/renka-blue-acrylic-pullovers/643034793637"
"Renka Blue Acrylic Pullovers",1037634,"http://www.flipkart.com/item/PLOEBP45DSDHFEVB","http://www.snapdeal.com//product/renka-blue-acrylic-pullovers/655505949108"
"Renka Purple Cotton Blend Pullovers",1037634,"http://www.flipkart.com/item/PLOEBP45DSDHFEVB","http://www.snapdeal.com/product/page/1122740949"
"Renka Blue Acrylic Pullovers",1037655,"http://www.flipkart.com/item/PLOEBP46BXHBMYSZ","http://www.snapdeal.com//product/renka-blue-acrylic-pullovers/643034793637"
"Renka Purple Cotton Blend Pullovers",1037655,"http://www.flipkart.com/item/PLOEBP46BXHBMYSZ","http://www.snapdeal.com/product/page/1005908854"
"Renka Purple Cotton Blend Pullovers",1037655,"http://www.flipkart.com/item/PLOEBP46BXHBMYSZ","http://www.snapdeal.com/product/page/1502071879"
"Renka Black Acrylic Pullovers",1037644,"http://www.flipkart.com/item/PLOEBP459W8BDBFU","http://www.snapdeal.com//product/renka-black-acrylic-pullovers/682376265513"
"Renka Black Cotton Blend Pullovers",1037644,"http://www.flipkart.com/item/PLOEBP459W8BDBFU","http://www.snapdeal.com/product/page/1190065813"
"Renka Purple Acrylic Pullovers",1037623,"http://www.flipkart.com/item/PLOEBP45SPGMZZQV","http://www.snapdeal.com/product/page/640754847809"
"Renka Blue Acrylic Pullovers",1037635,"http://www.flipkart.com/item/PLOEBP46AYTAEBUM","http://www.snapdeal.com//product/renka-blue-acrylic-pullovers/655505949108"
"Renka Purple Cotton Blend Pullovers",1037635,"http://www.flipkart.com/item/PLOEBP46AYTAEBUM","http://www.snapdeal.com/product/page/1122740949"
"Renka Maroon Acrylic Pullovers",1036453,"http://www.flipkart.com/item/PLOEB32TBFH4TDQR","http://www.snapdeal.com/product/page/685068398896"
"Renka Orange Acrylic Pullovers",1036343,"http://www.flipkart.com/item/PLOEB32TU7GGFFZ8","http://www.snapdeal.com/product/page/680811757195"
"Renka Black Acrylic Pullovers",1036267,"http://www.flipkart.com/item/PLOEB32UB9DYASN5","http://www.snapdeal.com/product/page/660941530289"
"Renka Black Acrylic Pullovers",1036611,"http://www.flipkart.com/item/PLOEB32T2JMFAM8D","http://www.snapdeal.com/product/page/624313765062"
"Renka Orange Acrylic Pullovers",1036341,"http://www.flipkart.com/item/PLOEB32TXYWZW5FV","http://www.snapdeal.com/product/page/680811757195"
"Renka Brown Acrylic Pullovers",1037708,"http://www.flipkart.com/item/PLOEBP45YGM4WTDT","http://www.snapdeal.com/product/page/643558366726"
"Renka Black Acrylic Buttoned Cardigans",1036581,"http://www.flipkart.com/item/CGNEB3UZVFKPPAWX","http://www.snapdeal.com/product/page/682737371930"
"Renka Pink Acrylic Pullovers",1547135,"http://www.flipkart.com/item/PLOECRY7HQFFXGDU","http://www.snapdeal.com/product/page/626885156992"
"Renka Purple Acrylic Pullovers",1037620,"http://www.flipkart.com/item/PLOEBP45NGK4VTGB","http://www.snapdeal.com/product/page/640754847809"
"Renka Red Acrylic Pullovers",1547130,"http://www.flipkart.com/item/PLOECRY7NHQNGXTS","http://www.snapdeal.com/product/page/680242292679"
"Renka Green Acrylic Pullovers",1037947,"http://www.flipkart.com/item/TOPEBJJP3HYKHEKZ","http://www.snapdeal.com/product/page/649556124168"
"Renka Multi Others Jumpsuits",1659420,"http://www.flipkart.com/item/JUMEDEZEC2QYJTN2","http://www.snapdeal.com/product/page/619380317124"
"Renka Pink Cotton Blend Buttoned Cardigans",1038204,"http://www.flipkart.com/item/CGNEBFB9EDSG7BNC","http://www.snapdeal.com/product/page/635086956314"
"Renka Gray Cotton Blend Buttoned Cardigans",1038167,"http://www.flipkart.com/item/CGNEBFB9ZYRQYZF8","http://www.snapdeal.com/product/page/655112987505"
"Renka White Cotton Blend Buttoned Cardigans",1038160,"http://www.flipkart.com/item/CGNEBFB9SBZCE7DJ","http://www.snapdeal.com/product/page/660321418669"
"Renka Pink Cotton Blend Buttoned Cardigans",1038201,"http://www.flipkart.com/item/CGNEBFB9PG5FWXSK","http://www.snapdeal.com/product/page/635086956314"
"Renka Purple Cotton Blend Pullovers",1037527,"http://www.flipkart.com/item/PLOEBP45WXJKNYYH","http://www.snapdeal.com/product/page/631636100115"
"Renka Black Acrylic Pullovers",1037869,"http://www.flipkart.com/item/TOPEBJJPQWGPJRJS","http://www.snapdeal.com/product/page/675206943732"
"Renka Black Acrylic Pullovers",1037794,"http://www.flipkart.com/item/TOPEBKNQNSFVHFRH","http://www.snapdeal.com/product/page/636825495911"
"Renka Black Cotton Blend Pullovers",1037384,"http://www.flipkart.com/item/PLOEBJ72EM6H8KC3","http://www.snapdeal.com/product/page/649486128034"
"Renka Pink Acrylic Pullovers",1037911,"http://www.flipkart.com/item/TOPEBJJP5CDWYMQU","http://www.snapdeal.com/product/page/618865169906"
"Renka Purple Acrylic Pullovers",1037097,"http://www.flipkart.com/item/PLOEBJ72DFFJTKVJ","http://www.snapdeal.com/product/page/632665016194"
"Renka Red Acrylic Pullovers",1036441,"http://www.flipkart.com/item/PLOEB32T9KJT8JRW","http://www.snapdeal.com/product/page/650151916648"
"Renka Gray Cotton Blend Pullovers",657460,"http://www.flipkart.com/item/PLOEY7H4YZ6N5GJX","http://www.snapdeal.com/product/page/2095590652"
"Renka Black Cotton Blend Pullovers",1037515,"http://www.flipkart.com/item/PLOEBP45ZG3QEVHM","http://www.snapdeal.com/product/page/680484232422"
"Renka Brown Acrylic Pullovers",1037639,"http://www.flipkart.com/item/PLOEBP45H8XMFQFG","http://www.snapdeal.com//product/renka-brown-acrylic-pullovers/640663971457"
"Renka Brown Cotton Blend Pullovers",1037639,"http://www.flipkart.com/item/PLOEBP45H8XMFQFG","http://www.snapdeal.com/product/page/970607599"
"Renka Off White Lycra Cotton Comfortable Tank Top For Women",561260,"http://www.flipkart.com/item/CSPE7JHGHNH2VKFV","http://www.snapdeal.com/product/page/626896091247"
"Renka Maroon Cotton Blend Skivvy",657550,"http://www.flipkart.com/item/PLODZYXFDAGFJJND","http://www.snapdeal.com/product/page/681598765"
"Renka Black Cotton Dresses",695724,"http://www.flipkart.com/item/DREE9CFXEEUUBVRT","http://www.snapdeal.com/product/page/632581303120"
"Renka Gray Cotton Blend Pullovers",657474,"http://www.flipkart.com/item/PLOEY7H425XH63YZ","http://www.snapdeal.com/product/page/2095590652"
"Renka Red Acrylic Pullovers",1037249,"http://www.flipkart.com/item/PLOEBJ72YZP5HXHJ","http://www.snapdeal.com//product/renka-red-acrylic-pullovers/684341469044"
"Renka Red Round Neck Cotton Blend Pullovers",1037249,"http://www.flipkart.com/item/PLOEBJ72YZP5HXHJ","http://www.snapdeal.com/product/page/382455300"
"Renka Light Blue Lycra Cotton Comfortable Tank Top For Women",561108,"http://www.flipkart.com/item/CSPE7JHGFDKFDYAF","http://www.snapdeal.com/product/page/634548752984"
"Renka Purple Cotton Blend Skivvy",657526,"http://www.flipkart.com/item/PLODZYXFHEEKCJTU","http://www.snapdeal.com/product/page/1101911327"
"Renka Black Acrylic Pullovers",1036612,"http://www.flipkart.com/item/PLOEB32TWEEZC3HG","http://www.snapdeal.com/product/page/624313765062"
"Renka Purple Acrylic Buttoned Cardigans",1036597,"http://www.flipkart.com/item/CGNEB3UYQSUKPH5Q","http://www.snapdeal.com/product/page/626225023482"
"Renka Navy Poly Cotton Dresses",560887,"http://www.flipkart.com/item/DREE79YNRPRVAFBD","http://www.snapdeal.com/product/page/652811936537"
"Renka Brown Acrylic Pullovers",1037640,"http://www.flipkart.com/item/PLOEBP46THUGBKRS","http://www.snapdeal.com//product/renka-brown-acrylic-pullovers/640663971457"
"Renka Brown Cotton Blend Pullovers",1037640,"http://www.flipkart.com/item/PLOEBP46THUGBKRS","http://www.snapdeal.com/product/page/970607599"
"Renka Blue Acrylic Pullovers",1036889,"http://www.flipkart.com/item/PLOEBJ72X5XTJPHJ","http://www.snapdeal.com/product/page/619584468575"
"Renka Red Cotton Blend Pullovers",657530,"http://www.flipkart.com/item/PLOEY7H4DZZX5DDC","http://www.snapdeal.com/product/page/766947253"
"Renka Ghostwhite Lycra Cotton Comfortable Tank Top For Women",561072,"http://www.flipkart.com/item/CSPE7JHG5B6ZECWN","http://www.snapdeal.com/product/page/664190395277"
"Renka Blue Round Neck Cotton Blend Pullovers",657557,"http://www.flipkart.com/item/TOPEY7H4KFNPJC3W","http://www.snapdeal.com/product/page/1324784254"
"Renka Blue Acrylic Pullovers",1036463,"http://www.flipkart.com/item/PLOEB32TDPJXTZYW","http://www.snapdeal.com/product/page/644752374499"
"Renka White Cotton Blend Skivvy",657498,"http://www.flipkart.com/item/PLODZYXFTZZAFMHE","http://www.snapdeal.com/product/page/1911905478"
"Renka Maroon Acrylic Pullovers",1036457,"http://www.flipkart.com/item/PLOEB32TGZGJBJ6N","http://www.snapdeal.com/product/page/685068398896"
"Renka Maroon Acrylic Pullovers",1036203,"http://www.flipkart.com/item/PLOEB32TVZDGRNHW","http://www.snapdeal.com//product/renka-maroon-acrylic-pullovers/674823956846"
"Renka Skivvy Maroon Knitted Winter Top-(l) -skivvy-maroon-rn1",1036203,"http://www.flipkart.com/item/PLOEB32TVZDGRNHW","http://www.snapdeal.com/product/page/1501996238"
"Renka Red Cotton Blend Pullovers",1037537,"http://www.flipkart.com/item/PLOEBP45ZEMZU5HG","http://www.snapdeal.com//product/renka-red-cotton-blend-pullovers/647109922177"
"Renka Yellow Cotton Blend Pullovers",1037537,"http://www.flipkart.com/item/PLOEBP45ZEMZU5HG","http://www.snapdeal.com/product/page/1319020928"
"Renka Purple Acrylic Pullovers",1037673,"http://www.flipkart.com/item/PLOEBP45KPBJRGAG","http://www.snapdeal.com/product/page/621602028584"
"Renka Green Cotton Blend Skivvy",657486,"http://www.flipkart.com/item/PLODZYXF7SPY3CMA","http://www.snapdeal.com/product/page/512167572"
"Renka Purple Acrylic Pullovers",1037253,"http://www.flipkart.com/item/PLOEBJ72UF5J3QYG","http://www.snapdeal.com//product/renka-purple-acrylic-pullovers/649506620757"
"Renka Purple Cotton Blend Pullovers",1037253,"http://www.flipkart.com/item/PLOEBJ72UF5J3QYG","http://www.snapdeal.com/product/page/144226246"
"Renka Pink Cotton Blend Pullovers",1037566,"http://www.flipkart.com/item/PLOEBP45V9DGAHKZ","http://www.snapdeal.com//product/renka-pink-cotton-blend-pullovers/662777192433"
"Renka Pink Cotton Blend Pullovers",1037566,"http://www.flipkart.com/item/PLOEBP45V9DGAHKZ","http://www.snapdeal.com/product/page/2107453696"
"Renka Red Cotton Blend Pullovers",1037536,"http://www.flipkart.com/item/PLOEBP46FHRYH5QM","http://www.snapdeal.com//product/renka-red-cotton-blend-pullovers/647109922177"
"Renka Yellow Cotton Blend Pullovers",1037536,"http://www.flipkart.com/item/PLOEBP46FHRYH5QM","http://www.snapdeal.com/product/page/1319020928"
"Renka White Cotton Dress",561049,"http://www.flipkart.com/item/DREE79YNZTASUMEE","http://www.snapdeal.com/product/page/657106138386"
"Renka Grey Lycra Cotton Comfortable Tank Top For Women",561136,"http://www.flipkart.com/item/CSPE7JHGJZZNHHDA","http://www.snapdeal.com/product/page/637480628288"
"Renka Navy Poly Crepe Dresses",560565,"http://www.flipkart.com/item/DREE6ZHHN6FMGJJM","http://www.snapdeal.com/product/page/620731736135"
"Renka Black Poly Georgette Dresses",560561,"http://www.flipkart.com/item/DREE6ZHHFGGHXWC9","http://www.snapdeal.com/product/page/680677051155"
"Renka Black Poly Georgette Dresses",560558,"http://www.flipkart.com/item/DREE6ZHHCN24PJMT","http://www.snapdeal.com/product/page/680677051155"
"Renka Blue Acrylic Pullovers",1036240,"http://www.flipkart.com/item/PLOEB32TJHZTMDHS","http://www.snapdeal.com//product/renka-blue-acrylic-pullovers/619875368861"
"Renka Blue Cotton Blend Skivvy",1036240,"http://www.flipkart.com/item/PLOEB32TJHZTMDHS","http://www.snapdeal.com/product/page/265509488"
"Renka Black Cotton Blend Pullovers",1037362,"http://www.flipkart.com/item/PLOEBJ72KZHM29CA","http://www.snapdeal.com/product/page/659716034250"
"Renka Red Acrylic Pullovers",1036358,"http://www.flipkart.com/item/PLOEB32TBWNE3FDR","http://www.snapdeal.com/product/page/639594245001"
"Renka Red Cotton Blend Pullovers",1037346,"http://www.flipkart.com/item/PLOEBJ72FMGAGUNK","http://www.snapdeal.com//product/renka-red-cotton-blend-pullovers/628264465645"
"Renka Red Cotton Blend Pullovers",1037346,"http://www.flipkart.com/item/PLOEBJ72FMGAGUNK","http://www.snapdeal.com/product/page/446475073"
"Renka Blue Lycra Cotton Comfortable Tank Top For Women",561198,"http://www.flipkart.com/item/CSPE7JHGZ3RMCQ4X","http://www.snapdeal.com/product/page/651584699159"
"Renka Blue Acrylic Pullovers",1036197,"http://www.flipkart.com/item/PLOEB32TZSUAJZTE","http://www.snapdeal.com/product/page/631120858654"
"Renka Grey Lycra Cotton Comfortable Tank Top For Women",561138,"http://www.flipkart.com/item/CSPE7JHG2FFDFGXF","http://www.snapdeal.com/product/page/637480628288"
"Renka Pink Cotton Blend Pullovers",1037332,"http://www.flipkart.com/item/PLOEBJ72BG6BYZZ6","http://www.snapdeal.com/product/page/658198543696"
"Renka Red Cotton Blend Pullovers",1037345,"http://www.flipkart.com/item/PLOEBJ7226RPR7V6","http://www.snapdeal.com//product/renka-red-cotton-blend-pullovers/628264465645"
"Renka Red Cotton Blend Pullovers",1037345,"http://www.flipkart.com/item/PLOEBJ7226RPR7V6","http://www.snapdeal.com/product/page/446475073"
"Renka Black Lycra Cotton Comfortable Tank Top For Women",561265,"http://www.flipkart.com/item/CSPE7JHGKBFHNUVG","http://www.snapdeal.com/product/page/637528511664"
"Renka Red Acrylic Pullovers",1036359,"http://www.flipkart.com/item/PLOEB32THZGMYK8Z","http://www.snapdeal.com/product/page/639594245001"
"Renka Pink Acrylic Pullovers",1036219,"http://www.flipkart.com/item/PLOEB32TK6YQVUGY","http://www.snapdeal.com/product/page/683796243568"
"Renka Blue Acrylic Pullovers",1036208,"http://www.flipkart.com/item/PLOEB32TJKRXXSUH","http://www.snapdeal.com/product/page/641969413109"
"Renka Black Cotton Blend Pullovers",1037596,"http://www.flipkart.com/item/PLOECRY7SN5ZKGRT","http://www.snapdeal.com/product/page/1824561624"
"Renka Black Cotton Blend Pullovers",1037596,"http://www.flipkart.com/item/PLOECRY7SN5ZKGRT","http://www.snapdeal.com//product/renka-black-knitted-winter-pullover/246641615"
"Renka Purple Acrylic Pullovers",1037622,"http://www.flipkart.com/item/PLOEBP46VSKERW9E","http://www.snapdeal.com/product/page/640754847809"
"Renka Red Acrylic Pullovers",1037309,"http://www.flipkart.com/item/PLOEBJ72SUWZGN66","http://www.snapdeal.com/product/page/654172666208"
"Renka Blue Cotton Blend Skivvy",657520,"http://www.flipkart.com/item/PLODZYXFCD5G6HFA","http://www.snapdeal.com/product/page/351111449"
"Renka Orange Lycra Cotton Comfortable Tank Top For Women",561143,"http://www.flipkart.com/item/CSPE7JHGE7D6NAQG","http://www.snapdeal.com/product/page/681607404058"
"Renka Pink Acrylic Pullovers",1036225,"http://www.flipkart.com/item/PLOEB32TUKRBGTMC","http://www.snapdeal.com/product/page/669730488266"
"Renka Black Cotton Blend Pullovers",1447137,"http://www.flipkart.com/item/PLOEBZWBZTQHDNFH","http://www.snapdeal.com/product/page/630362923093"
"Renka White Lycra Cotton Comfortable Tank Top For Women",561152,"http://www.flipkart.com/item/CSPE7JHGZZ2JFWWG","http://www.snapdeal.com/product/page/632003271215"
"Renka Black Cotton Blend Pullovers",1037495,"http://www.flipkart.com/item/PLOEBP45Z8CGEVAY","http://www.snapdeal.com/product/page/752224777"
"Renka Black Cotton Blend Pullovers",1037495,"http://www.flipkart.com/item/PLOEBP45Z8CGEVAY","http://www.snapdeal.com//product/renka-black-cotton-blend-pullovers/622309798585"
"Renka Black Cotton Blend Pullovers",1037573,"http://www.flipkart.com/item/PLOEBP45THQX2AAQ","http://www.snapdeal.com//product/renka-black-cotton-blend-pullovers/672322868857"
"Renka Black Cotton Blend Pullovers",1037573,"http://www.flipkart.com/item/PLOEBP45THQX2AAQ","http://www.snapdeal.com/product/page/1088959254"
"Renka Beige Cotton Blend Skivvy",657542,"http://www.flipkart.com/item/PLODZYXFKRFFPWYJ","http://www.snapdeal.com/product/page/2074488090"
"Renka Navy Polyester Dresses",560863,"http://www.flipkart.com/item/JUME7AWFDBPSZVHE","http://www.snapdeal.com/product/page/643560440326"
"Renka Yellow Acrylic Pullovers",1037268,"http://www.flipkart.com/item/PLOEBJ72MTHVHAQY","http://www.snapdeal.com//product/renka-yellow-acrylic-pullovers/661368763092"
"Renka Yellow Cotton Blend Pullovers",1037268,"http://www.flipkart.com/item/PLOEBJ72MTHVHAQY","http://www.snapdeal.com/product/page/250122896"
"Renka Purple Cotton Blend Skivvy",657556,"http://www.flipkart.com/item/PLODZYXFACMHWSZE","http://www.snapdeal.com/product/page/1206488063"
"Renka Pink Cotton Blend Skivvy",657531,"http://www.flipkart.com/item/PLODZYXFNZGCQRZY","http://www.snapdeal.com/product/page/1317513160"
"Renka Green Lycra Cotton Comfortable Tank Top For Women",561150,"http://www.flipkart.com/item/CSPE7JHGETZSHDYZ","http://www.snapdeal.com/product/page/636858063780"
"Renka Blue Cotton Blend Pullovers",1037370,"http://www.flipkart.com/item/PLOEBJ72FRX6ZJQK","http://www.snapdeal.com//product/renka-blue-cotton-blend-pullovers/649760186646"
"Renka Purple Cotton Blend Pullovers",1037370,"http://www.flipkart.com/item/PLOEBJ72FRX6ZJQK","http://www.snapdeal.com/product/page/130546915"
"Renka Purple Acrylic Pullovers",1036258,"http://www.flipkart.com/item/PLOEB32TZKEFPGCG","http://www.snapdeal.com//product/renka-purple-acrylic-pullovers/623306722105"
"Renka Purple Cotton Blend Skivvy",1036258,"http://www.flipkart.com/item/PLOEB32TZKEFPGCG","http://www.snapdeal.com/product/page/1773040802"
"Renka Pink Acrylic Pullovers",1037258,"http://www.flipkart.com/item/PLOEBJ72KG2ZZDUF","http://www.snapdeal.com//product/renka-pink-acrylic-pullovers/683074693224"
"Renka Pink Cotton Blend Pullovers",1037258,"http://www.flipkart.com/item/PLOEBJ72KG2ZZDUF","http://www.snapdeal.com/product/page/181923561"
"Renka Black Cotton Blend Pullovers",1037382,"http://www.flipkart.com/item/PLOEBJ72DA5CJSFK","http://www.snapdeal.com/product/page/649486128034"
"Renka Black Cotton Blend Pullovers",1037382,"http://www.flipkart.com/item/PLOEBJ72DA5CJSFK","http://www.snapdeal.com//product/renka-black-round-neck-cotton/364050197"
"Renka White Lycra Cotton Comfortable Tank Top For Women",561339,"http://www.flipkart.com/item/CSPE7JHGNKEK7EAZ","http://www.snapdeal.com/product/page/645775927096"
"Renka White Crepe Jumpsuits",839951,"http://www.flipkart.com/item/JUMEABUEWXG8QHBJ","http://www.snapdeal.com/product/page/626019008541"
"Renka Green Cotton Blend Skivvy",657477,"http://www.flipkart.com/item/PLODZYXFYAHGAZ3Z","http://www.snapdeal.com/product/page/395205672"
"Renka Pink Cotton Blend Skivvy",657546,"http://www.flipkart.com/item/PLODZYXFDQF2KVMS","http://www.snapdeal.com/product/page/116193676"
"Renka Green Cotton Blend Pullovers",1037501,"http://www.flipkart.com/item/PLOEBP469AHKJUJF","http://www.snapdeal.com//product/renka-green-cotton-blend-pullovers/618770791298"
"Renka Green Cotton Blend Pullovers",1037501,"http://www.flipkart.com/item/PLOEBP469AHKJUJF","http://www.snapdeal.com/product/page/617836499"
"Renka Purple Acrylic Pullovers",1036252,"http://www.flipkart.com/item/PLOEB32T3AWPXBZZ","http://www.snapdeal.com/product/page/676895558252"
"Renka Blue Acrylic Pullovers",1037276,"http://www.flipkart.com/item/PLOEBJ72GJCNXTZP","http://www.snapdeal.com/product/page/637545552059"
"Renka Purple Acrylic Pullovers",1037674,"http://www.flipkart.com/item/PLOEBP45Z8YSBBET","http://www.snapdeal.com//product/renka-purple-acrylic-pullovers/621602028584"
"Renka Maroon Cotton Blend Pullovers",1037674,"http://www.flipkart.com/item/PLOEBP45Z8YSBBET","http://www.snapdeal.com/product/page/936133511"
"Renka Red Cotton Blend Pullovers",1037584,"http://www.flipkart.com/item/PLOEBP45QYGZHF68","http://www.snapdeal.com//product/renka-red-cotton-blend-pullovers/682759730963"
"Renka Red Cotton Blend Pullovers",1037584,"http://www.flipkart.com/item/PLOEBP45QYGZHF68","http://www.snapdeal.com/product/page/312469078"
"Renka Blue Acrylic Pullovers",1036198,"http://www.flipkart.com/item/PLOEB32TAZ9VRDAP","http://www.snapdeal.com/product/page/631120858654"
"Renka Blue Cotton Blend Skivvy",1036198,"http://www.flipkart.com/item/PLOEB32TAZ9VRDAP","http://www.snapdeal.com/product/page/213660920"
"Renka Green Cotton Blend Skivvy",657467,"http://www.flipkart.com/item/PLODZYXFVAHWGFFS","http://www.snapdeal.com/product/page/512167572"
"Renka Pink Acrylic Pullovers",1547074,"http://www.flipkart.com/item/PLOECRY7G6TAKXVM","http://www.snapdeal.com/product/page/620225819395"
"Renka Yellow Cotton Blend Pullovers",1037342,"http://www.flipkart.com/item/PLOEBJ72HKTWZJJZ","http://www.snapdeal.com/product/page/641437875743"
"Renka Blue Cotton Blend Pullovers",1037351,"http://www.flipkart.com/item/PLOEBJ72GQZM9FWH","http://www.snapdeal.com/product/page/639416223510"
"Renka Blue Cotton Blend Pullovers",1037351,"http://www.flipkart.com/item/PLOEBJ72GQZM9FWH","http://www.snapdeal.com/product/page/93101112"
"Renka Black Lycra Cotton Comfortable Tank Top For Women",561168,"http://www.flipkart.com/item/CSPE7JHGMXEG7SJB","http://www.snapdeal.com/product/page/680110376319"
"Renka Purple Cotton Blend Pullovers",1037608,"http://www.flipkart.com/item/PLOECRY7PGVEN87R","http://www.snapdeal.com/product/page/479805208"
"Renka Purple Cotton Blend Pullovers",1037608,"http://www.flipkart.com/item/PLOECRY7PGVEN87R","http://www.snapdeal.com//product/renka-purple-cotton-blend-pullovers/644434444911"
"Renka Blue Acrylic Pullovers",1037664,"http://www.flipkart.com/item/PLOEBP45JRCV8MDK","http://www.snapdeal.com//product/renka-blue-acrylic-pullovers/672071254267"
"Renka Purple Cotton Blend Pullovers",1037664,"http://www.flipkart.com/item/PLOEBP45JRCV8MDK","http://www.snapdeal.com/product/page/1793347806"
"Renka Navy Lycra Cotton Comfortable Tank Top For Women",561247,"http://www.flipkart.com/item/CSPE7JHG4VJDGW8T","http://www.snapdeal.com/product/page/632891381079"
"Renka Navy Acrylic Pullovers",1036245,"http://www.flipkart.com/item/PLOEB32TMKHGPPYN","http://www.snapdeal.com//product/renka-purple-acrylic-pullovers/653680931633"
"Renka Purple Cotton Blend Skivvy",1036245,"http://www.flipkart.com/item/PLOEB32TMKHGPPYN","http://www.snapdeal.com/product/page/1639364471"
"Renka Pink Cotton Blend Skivvy",657543,"http://www.flipkart.com/item/PLODZYXF4MHUBGNY","http://www.snapdeal.com/product/page/685430803"
"Renka Yellow Cotton Blend Skivvy",657529,"http://www.flipkart.com/item/PLODZYXFB6YBXGB4","http://www.snapdeal.com/product/page/1825075891"
"Renka Beige Acrylic Pullovers",1036264,"http://www.flipkart.com/item/PLOEB32UWANK5Q5N","http://www.snapdeal.com//product/renka-beige-acrylic-pullovers/620110998950"
"Renka Beige Cotton Blend Skivvy",1036264,"http://www.flipkart.com/item/PLOEB32UWANK5Q5N","http://www.snapdeal.com/product/page/646666653"
"Renka Green Cotton Blend Pullovers",1037357,"http://www.flipkart.com/item/PLOEBJ72EZ5S9HK5","http://www.snapdeal.com//product/renka-green-cotton-blend-pullovers/670667380770"
"Renka Green Cotton Blend Pullovers",1037357,"http://www.flipkart.com/item/PLOEBJ72EZ5S9HK5","http://www.snapdeal.com/product/page/1502193162"
"Renka Yellow Cotton Blend Skivvy",657499,"http://www.flipkart.com/item/PLODZYXFHHQKZHX8","http://www.snapdeal.com/product/page/637247795"
"Renka Purple Acrylic Pullovers",1037096,"http://www.flipkart.com/item/PLOEBJ72466ZEDTC","http://www.snapdeal.com/product/page/632665016194"
"Renka Red Acrylic Pullovers",1036443,"http://www.flipkart.com/item/PLOEB32TVTQUKN5A","http://www.snapdeal.com/product/page/650151916648"
"Renka Pink Acrylic Pullovers",1037257,"http://www.flipkart.com/item/PLOEBJ72KESQRU6X","http://www.snapdeal.com/product/page/683074693224"
"Renka Yellow Acrylic Pullovers",1547117,"http://www.flipkart.com/item/PLOECRY7BZANDFVZ","http://www.snapdeal.com/product/page/645622988866"
"Renka Green Acrylic Pullovers",1037101,"http://www.flipkart.com/item/PLOEBJ72E5YB3DVP","http://www.snapdeal.com/product/page/648638694886"
"Renka Green Cotton Blend Pullovers",1037502,"http://www.flipkart.com/item/PLOEBP46NGYYDH6S","http://www.snapdeal.com//product/renka-green-cotton-blend-pullovers/618770791298"
"Renka Green Cotton Blend Pullovers",1037502,"http://www.flipkart.com/item/PLOEBP46NGYYDH6S","http://www.snapdeal.com/product/page/617836499"
"Renka Blue Acrylic Pullovers",1037665,"http://www.flipkart.com/item/PLOEBP46BZJ3UQZ7","http://www.snapdeal.com//product/renka-blue-acrylic-pullovers/672071254267"
"Renka Purple Cotton Blend Pullovers",1037665,"http://www.flipkart.com/item/PLOEBP46BZJ3UQZ7","http://www.snapdeal.com/product/page/1793347806"
"Renka Blue Acrylic Pullovers",1036430,"http://www.flipkart.com/item/PLOEB32T5EYU4YND","http://www.snapdeal.com/product/page/672823825239"
"Renka Black Cotton Blend Pullovers",1037366,"http://www.flipkart.com/item/PLOEBJ72UD9QHGP9","http://www.snapdeal.com/product/page/659716034250"
"Renka Pink Acrylic Pullovers",1547077,"http://www.flipkart.com/item/PLOECRY73FZJNGUC","http://www.snapdeal.com/product/page/620225819395"
"Renka Blue Acrylic Pullovers",1036333,"http://www.flipkart.com/item/PLOEB32TSCZZKHRM","http://www.snapdeal.com/product/page/679875932621"
"Renka Red Cotton Blend Pullovers",657559,"http://www.flipkart.com/item/PLOEY7H4XRGNHHAH","http://www.snapdeal.com/product/page/1103522070"
"Renka Orange Acrylic Pullovers",1036464,"http://www.flipkart.com/item/PLOEB32TBHTGCHHJ","http://www.snapdeal.com/product/page/620914017577"
"Renka Gray Cotton Blend Skivvy",657514,"http://www.flipkart.com/item/PLODZYXFHYVAJXBM","http://www.snapdeal.com/product/page/752635143"
"Renka Red Cotton Blend Pullovers",1037507,"http://www.flipkart.com/item/PLOEBP45ZUGANQ8B","http://www.snapdeal.com//product/renka-red-cotton-blend-pullovers/624632601562"
"Renka Red Cotton Blend Pullovers",1037507,"http://www.flipkart.com/item/PLOEBP45ZUGANQ8B","http://www.snapdeal.com/product/page/1441461150"
"Renka Blue Cotton Blend Pullovers",1037465,"http://www.flipkart.com/item/PLOEBP45SWYFDMCV","http://www.snapdeal.com//product/renka-blue-cotton-blend-pullovers/654714209631"
"Renka Blue Cotton Blend Pullovers",1037465,"http://www.flipkart.com/item/PLOEBP45SWYFDMCV","http://www.snapdeal.com/product/page/2056976141"
"Renka Blue Cotton Blend Pullovers",1037352,"http://www.flipkart.com/item/PLOEBJ725HG2TEYX","http://www.snapdeal.com//product/renka-blue-cotton-blend-pullovers/639416223510"
"Renka Blue Cotton Blend Pullovers",1037352,"http://www.flipkart.com/item/PLOEBJ725HG2TEYX","http://www.snapdeal.com/product/page/93101112"
"Renka Purple Cotton Blend Pullovers",1037519,"http://www.flipkart.com/item/PLOEBP45ENJYGWP5","http://www.snapdeal.com//product/renka-purple-cotton-blend-pullovers/627164479882"
"Renka Purple Cotton Blend Pullovers",1037519,"http://www.flipkart.com/item/PLOEBP45ENJYGWP5","http://www.snapdeal.com/product/page/581238428"
"Renka Purple Cotton Blend Skivvy",657468,"http://www.flipkart.com/item/PLODZYXFWUDYGPBR","http://www.snapdeal.com/product/page/1223946835"
"Renka Black Cotton Blend Pullovers",1447133,"http://www.flipkart.com/item/PLOEBZWBGSXFBCCK","http://www.snapdeal.com/product/page/630362923093"
"Renka Red Cotton Blend Pullovers",1037348,"http://www.flipkart.com/item/PLOEBJ72AUBWN2U5","http://www.snapdeal.com/product/page/628264465645"
"Renka Red Acrylic Pullovers",1036442,"http://www.flipkart.com/item/PLOEB32THUZ6FKDQ","http://www.snapdeal.com/product/page/650151916648"
"Renka Blue Acrylic Pullovers",1036887,"http://www.flipkart.com/item/PLOEBJ72K5FBCKZK","http://www.snapdeal.com/product/page/619584468575"
"Renka Multi Color Crepe Dresses",695755,"http://www.flipkart.com/item/DREE9CZBSYFPBDS2","http://www.snapdeal.com/product/page/677619100795"
"Renka White Acrylic Pullovers",1036530,"http://www.flipkart.com/item/PLOEB32TJNH5ZVPV","http://www.snapdeal.com/product/page/637568160234"
"Renka Maroon Acrylic Pullovers",1036456,"http://www.flipkart.com/item/PLOEB32TZY7CESP4","http://www.snapdeal.com/product/page/685068398896"
"Renka Purple Acrylic Pullovers",1036276,"http://www.flipkart.com/item/PLOEB56VGJ7ZNUMF","http://www.snapdeal.com//product/renka-purple-acrylic-pullovers/620839526483"
"Renka Purple Cotton Blend Skivvy",1036276,"http://www.flipkart.com/item/PLOEB56VGJ7ZNUMF","http://www.snapdeal.com/product/page/1100588941"
"Renka Pink Cotton Blend Pullovers",657475,"http://www.flipkart.com/item/PLOEY7H4JFGNH4NJ","http://www.snapdeal.com/product/page/983229589"
"Renka Purple Cotton Blend Skivvy",657563,"http://www.flipkart.com/item/PLODZYXFEQTDKGZN","http://www.snapdeal.com/product/page/871894657"
"Renka Pink Acrylic Pullovers",1547075,"http://www.flipkart.com/item/PLOECRY7ZPFXSP7V","http://www.snapdeal.com/product/page/620225819395"
"Renka Blue Acrylic Pullovers",1037302,"http://www.flipkart.com/item/PLOEBJ72DECWKGDH","http://www.snapdeal.com/product/page/685383572699"
"Renka Black Poly Georgette Dresses",560560,"http://www.flipkart.com/item/DREE6ZHHDP4UVBJZ","http://www.snapdeal.com/product/page/680677051155"
"Renka Blue Cotton Blend Pullovers",1037369,"http://www.flipkart.com/item/PLOEBJ72T4FWHBNR","http://www.snapdeal.com//product/renka-blue-cotton-blend-pullovers/649760186646"
"Renka Purple Cotton Blend Pullovers",1037369,"http://www.flipkart.com/item/PLOEBJ72T4FWHBNR","http://www.snapdeal.com/product/page/130546915"
"Renka Beige Cotton Blend Pullovers",657450,"http://www.flipkart.com/item/PLOEY7H4FZEUBGUB","http://www.snapdeal.com/product/page/620491582"
"Renka Beige Cotton Blend Pullovers",657450,"http://www.flipkart.com/item/PLOEY7H4FZEUBGUB","http://www.snapdeal.com/product/page/29366325"
"Renka Maroon Cotton Blend Pullovers",997048,"http://www.flipkart.com/item/PLOEBP45WEYSGDFF","http://www.snapdeal.com/product/page/1587992672"
"Renka Black Lycra Cotton Comfortable Tank Top For Women",561264,"http://www.flipkart.com/item/CSPE7JHGYZNNJGVH","http://www.snapdeal.com/product/page/637528511664"
"Renka Red Acrylic Pullovers",1036622,"http://www.flipkart.com/item/PLOEB32TBBGYSUSC","http://www.snapdeal.com/product/page/676744694391"
"Renka Black Cotton Printed Dress",561036,"http://www.flipkart.com/item/DREE7AWFHEP46NKG","http://www.snapdeal.com/product/page/654907603293"
"Renka Green Lycra Cotton Comfortable Tank Top For Women",561068,"http://www.flipkart.com/item/CSPE7JHGSWWBXSGH","http://www.snapdeal.com/product/page/639290814589"
"Renka Black Lycra Cotton Comfortable Tank Top For Women",561358,"http://www.flipkart.com/item/CSPE7JHGFTVZXKBJ","http://www.snapdeal.com/product/page/655746299913"
"Renka Red Acrylic Pullovers",1036192,"http://www.flipkart.com/item/PLOEB32TPBHP3N6D","http://www.snapdeal.com//product/renka-red-acrylic-pullovers/667345558820"
"Renka Red Cotton Blend Skivvy",1036192,"http://www.flipkart.com/item/PLOEB32TPBHP3N6D","http://www.snapdeal.com/product/page/414995171"
"Renka Navy Lycra Cotton Comfortable Tank Top For Women",561437,"http://www.flipkart.com/item/CSPE7K3GJG9KDBEW","http://www.snapdeal.com/product/page/641185723634"
"Renka Orange Cotton Blend Skivvy",657554,"http://www.flipkart.com/item/PLOEY7H4YUYREDAZ","http://www.snapdeal.com/product/page/2062282765"
"Renka Black Acrylic Pullovers",1036912,"http://www.flipkart.com/item/PLOEBJ72KSZ8SVAV","http://www.snapdeal.com//product/renka-black-acrylic-pullovers/683387613315"
"Renka Black Cotton Blend Pullovers",1036912,"http://www.flipkart.com/item/PLOEBJ72KSZ8SVAV","http://www.snapdeal.com/product/page/1675748833"
"Renka White Crepe Jumpsuits",839937,"http://www.flipkart.com/item/JUMEABUEZNYTWAHH","http://www.snapdeal.com/product/page/661005582896"
"Renka Maroon Cotton Blend Skivvy",657457,"http://www.flipkart.com/item/PLODZYXFG3RYANHH","http://www.snapdeal.com/product/page/903272360"
"Renka Blue Acrylic Pullovers",1036460,"http://www.flipkart.com/item/PLOEB32TRCMYMF4X","http://www.snapdeal.com/product/page/644752374499"
"Renka Cream Lycra Cotton Comfortable Tank Top For Women",561088,"http://www.flipkart.com/item/CSPE7JHGE9HBNSZ9","http://www.snapdeal.com/product/page/641001171858"
"Renka Blue Crepe Dresses",695745,"http://www.flipkart.com/item/DREE9CZC2Y7GC4RX","http://www.snapdeal.com/product/page/677682048253"
"Renka Navy Poly Crepe Dresses",560569,"http://www.flipkart.com/item/DREE6ZHHXXJRYHND","http://www.snapdeal.com/product/page/620731736135"
"Renka Blue Cotton Dresses",560813,"http://www.flipkart.com/item/DREE6ZHHKYUVNX3H","http://www.snapdeal.com/product/page/646389313367"
"Renka Black Acrylic Pullovers",1037284,"http://www.flipkart.com/item/PLOEBJ72SCUG22D8","http://www.snapdeal.com//product/renka-black-acrylic-pullovers/682506922948"
"Renka Black Cotton Blend Pullovers",1037284,"http://www.flipkart.com/item/PLOEBJ72SCUG22D8","http://www.snapdeal.com/product/page/1652779803"
"Renka Yellow Chiffon Dresses",839969,"http://www.flipkart.com/item/DREEABW5YSQXYRGY","http://www.snapdeal.com/product/page/656626831960"
"Renka Orange Cotton Blend Skivvy",657456,"http://www.flipkart.com/item/PLODZYXFGXKPTHK7","http://www.snapdeal.com/product/page/1501963947"
"Renka Yellow Cotton Blend Pullovers",1037010,"http://www.flipkart.com/item/PLOEBJ72HZ5YGYYJ","http://www.snapdeal.com//product/renka-yellow-cotton-blend-pullovers/676927667659"
"Renka Yellow Cotton Blend Pullovers",1037010,"http://www.flipkart.com/item/PLOEBJ72HZ5YGYYJ","http://www.snapdeal.com/product/page/1234147763"
"Renka White Cotton Blend Skivvy",657532,"http://www.flipkart.com/item/PLODZYXFWZHGRZAF","http://www.snapdeal.com/product/page/1911905478"
"Renka Maroon Cotton Blend Skivvy",657448,"http://www.flipkart.com/item/PLODZYXF9VDNUNHJ","http://www.snapdeal.com/product/page/681598765"
"Renka Black Poly Georgette Dresses",560960,"http://www.flipkart.com/item/DREE79YNTFX2XZVM","http://www.snapdeal.com/product/page/639990287864"
"Renka Black Acrylic Pullovers",1036913,"http://www.flipkart.com/item/PLOEBJ72ZXZSWTDV","http://www.snapdeal.com//product/renka-black-acrylic-pullovers/683387613315"
"Renka Black Cotton Blend Pullovers",1036913,"http://www.flipkart.com/item/PLOEBJ72ZXZSWTDV","http://www.snapdeal.com/product/page/1675748833"
"Renka Purple Acrylic Buttoned Cardigans",1036600,"http://www.flipkart.com/item/CGNEB3UYMFTBT53M","http://www.snapdeal.com/product/page/626225023482"
"Renka Green Georgette Dresses",695672,"http://www.flipkart.com/item/DREE9CZBFHDF8GKR","http://www.snapdeal.com/product/page/674982031372"
"Renka Navy Lycra Cotton Comfortable Tank Top For Women",561248,"http://www.flipkart.com/item/CSPE7JHGDZMHVX8T","http://www.snapdeal.com/product/page/632891381079"
"Renka Black Lycra Cotton Comfortable Tank Top For Women",561356,"http://www.flipkart.com/item/CSPE7JHGRBHGZXZP","http://www.snapdeal.com/product/page/655746299913"
"Renka Comfortable White Color Camisole For Women (Pack Of 2)",561527,"http://www.flipkart.com/item/CSPE7M2PW5SMDDGD","http://www.snapdeal.com/product/page/623966581284"
"Renka Gray Acrylic Pullovers",1036857,"http://www.flipkart.com/item/PLOEBJ72QWK2HYCN","http://www.snapdeal.com/product/page/644872489954"
"Renka Green Acrylic Pullovers",1037100,"http://www.flipkart.com/item/PLOEBJ72JJ3UXNEW","http://www.snapdeal.com/product/page/648638694886"
"Renka Pink Cotton Blend Pullovers",657483,"http://www.flipkart.com/item/PLOEY7H4DSHYBJGS","http://www.snapdeal.com/product/page/1274630818"
"Renka Black Poly Georgette Dresses",560537,"http://www.flipkart.com/item/DREE7FBGCHZGQZ3U","http://www.snapdeal.com/product/page/677719206527"
"Renka Red Acrylic Pullovers",1036484,"http://www.flipkart.com/item/PLOEB32TCJXWKZEV","http://www.snapdeal.com/product/page/675022383311"
"Renka White Poly Crepe Dresses",560594,"http://www.flipkart.com/item/DREE6ZHHGNGQUVXY","http://www.snapdeal.com/product/page/673829477811"
"Renka Blue Crepe Dresses",695744,"http://www.flipkart.com/item/DREE9CZCZ4MMNHVR","http://www.snapdeal.com/product/page/677682048253"
"Renka Peachpuff Poly Georgette Dresses",560847,"http://www.flipkart.com/item/DREE6ZHHEFMHP6FJ","http://www.snapdeal.com/product/page/656240371327"
"Renka Multi Color Cotton Dresses",695589,"http://www.flipkart.com/item/DREE9CZB2XTQ7FAR","http://www.snapdeal.com/product/page/666497655910"
"Renka Red Lycra Cotton Comfortable Tank Top For Women",561095,"http://www.flipkart.com/item/CSPE7JHGYZQC42WZ","http://www.snapdeal.com/product/page/640895742995"
"Renka Black Georgette Dresses",839977,"http://www.flipkart.com/item/DREEABW5MYJWFG7S","http://www.snapdeal.com/product/page/650257794247"
"Renka White Lycra Cotton Comfortable Tank Top For Women",561154,"http://www.flipkart.com/item/CSPE7JHGVDTAXQWF","http://www.snapdeal.com/product/page/632003271215"
"Renka Pink Cotton Blend Skivvy",657465,"http://www.flipkart.com/item/PLODZYXFYFQAREED","http://www.snapdeal.com/product/page/1317513160"
"Renka Blue Cotton Blend Pullovers",1037448,"http://www.flipkart.com/item/PLOEBP45XGHZANTZ","http://www.snapdeal.com//product/renka-blue-cotton-blend-pullovers/627128272283"
"Renka Purple Cotton Blend Pullovers",1037448,"http://www.flipkart.com/item/PLOEBP45XGHZANTZ","http://www.snapdeal.com/product/page/2111923678"
"Renka Navy Polyester Dresses",560862,"http://www.flipkart.com/item/JUME7AWF9MEAWPDB","http://www.snapdeal.com/product/page/643560440326"
"Renka Ghostwhite Lycra Cotton Comfortable Tank Top For Women",561075,"http://www.flipkart.com/item/CSPE7JHGRM5ZTHZZ","http://www.snapdeal.com/product/page/664190395277"
"Renka Purple Cotton Blend Skivvy",657561,"http://www.flipkart.com/item/PLODZYXFBSXUBHZW","http://www.snapdeal.com/product/page/1223946835"
"Renka Black Lycra Cotton Comfortable Tank Top For Women",561079,"http://www.flipkart.com/item/CSPE7JHG9JZY3NJP","http://www.snapdeal.com/product/page/667639396862"
"Renka Purple Cotton Blend Pullovers",1037518,"http://www.flipkart.com/item/PLOEBP45NHHPHBGB","http://www.snapdeal.com//product/renka-purple-cotton-blend-pullovers/627164479882"
"Renka Purple Cotton Blend Pullovers",1037518,"http://www.flipkart.com/item/PLOEBP45NHHPHBGB","http://www.snapdeal.com/product/page/581238428"
"Renka Multi Color Cotton Dresses",695602,"http://www.flipkart.com/item/DREE9CFW4T8Z5YG3","http://www.snapdeal.com/product/page/685043446206"
"Renka Red Acrylic Buttoned Cardigans",1036574,"http://www.flipkart.com/item/CGNEB3UZTGFDFMTX","http://www.snapdeal.com/product/page/653639917335"
"Renka Black Cotton Blend Pullovers",1037363,"http://www.flipkart.com/item/PLOEBJ72K4XRDUZT","http://www.snapdeal.com//product/renka-black-cotton-blend-pullovers/659716034250"
"Renka Black Cotton Blend Pullovers",1037363,"http://www.flipkart.com/item/PLOEBJ72K4XRDUZT","http://www.snapdeal.com/product/page/882595113"
"Renka Dark Blue Lycra Cotton Comfortable Tank Top For Women",561402,"http://www.flipkart.com/item/CSPE7JHGKTPEW8PG","http://www.snapdeal.com/product/page/646460790940"
"Renka Green Lycra Cotton Comfortable Tank Top For Women",561148,"http://www.flipkart.com/item/CSPE7JHGKAUGFXRF","http://www.snapdeal.com/product/page/636858063780"
"Renka Peachpuff Poly Georgette Dresses",560845,"http://www.flipkart.com/item/DREE6ZHHF2MGFJCA","http://www.snapdeal.com/product/page/656240371327"
"Renka Blue Cotton Dresses",560811,"http://www.flipkart.com/item/DREE6ZHHBZRM3EZD","http://www.snapdeal.com/product/page/646389313367"
"Renka Peachpuff Poly Georgette Dresses",560846,"http://www.flipkart.com/item/DREE6ZHHRTVXVY63","http://www.snapdeal.com/product/page/656240371327"
"Renka White Poly Cotton Dresses",560877,"http://www.flipkart.com/item/DREE79YNGUGSAMAQ","http://www.snapdeal.com/product/page/662321917369"
"Renka Navy Polyester Dresses",560903,"http://www.flipkart.com/item/DREE79YNTWJ5WJHS","http://www.snapdeal.com/product/page/681564031497"
"Renka Green Cotton Blend Pullovers",1037238,"http://www.flipkart.com/item/PLOECRY8HCKDKHTB","http://www.snapdeal.com/product/page/145129118"
"Renka Green Acrylic Pullovers",1037238,"http://www.flipkart.com/item/PLOECRY8HCKDKHTB","http://www.snapdeal.com//product/renka-green-acrylic-pullovers/640964713602"
"Renka Green Cotton Blend Pullovers",1037358,"http://www.flipkart.com/item/PLOEBJ72MV7DSEPY","http://www.snapdeal.com//product/renka-green-cotton-blend-pullovers/670667380770"
"Renka Green Cotton Blend Pullovers",1037358,"http://www.flipkart.com/item/PLOEBJ72MV7DSEPY","http://www.snapdeal.com/product/page/1502193162"
"Renka Gold Cotton Blend Pullovers",1037460,"http://www.flipkart.com/item/PLOEBP45BEBXHRMT","http://www.snapdeal.com//product/renka-gold-cotton-blend-pullovers/653325594416"
"Renka Yellow Cotton Blend Pullovers",1037460,"http://www.flipkart.com/item/PLOEBP45BEBXHRMT","http://www.snapdeal.com/product/page/1250650386"
"Renka Blue Acrylic Pullovers",1037704,"http://www.flipkart.com/item/PLOEBP45SGGSQWGN","http://www.snapdeal.com/product/page/644959108867"
"Renka Gray Acrylic Pullovers",1037628,"http://www.flipkart.com/item/PLOEBP45URYPKN4R","http://www.snapdeal.com/product/page/645066224228"
"Renka Red Cotton Blend Pullovers",1037506,"http://www.flipkart.com/item/PLOEBP46KNJYF5XU","http://www.snapdeal.com//product/renka-red-cotton-blend-pullovers/624632601562"
"Renka Red Cotton Blend Pullovers",1037506,"http://www.flipkart.com/item/PLOEBP46KNJYF5XU","http://www.snapdeal.com/product/page/1441461150"
"Renka Blue Acrylic Pullovers",1037703,"http://www.flipkart.com/item/PLOEBP45G2GEZFCU","http://www.snapdeal.com/product/page/644959108867"
"Renka Pink Lycra Cotton Comfortable Tank Top For Women",561287,"http://www.flipkart.com/item/CSPE7JHGJBZVUGGW","http://www.snapdeal.com/product/page/666121032539"
"Renka Navy Polyester Dresses",560864,"http://www.flipkart.com/item/JUME7AWFGWSJCWYV","http://www.snapdeal.com/product/page/643560440326"
"Renka Black Cotton Blend Pullovers",657521,"http://www.flipkart.com/item/PLOEY7H4K37CNZET","http://www.snapdeal.com/product/page/699314127"
"Renka Beige Cotton Blend Pullovers",657503,"http://www.flipkart.com/item/PLOEY7H4CMY5N3WM","http://www.snapdeal.com/product/page/620491582"
"Renka Beige Cotton Blend Pullovers",657503,"http://www.flipkart.com/item/PLOEY7H4CMY5N3WM","http://www.snapdeal.com//product/renka-beige-knitted-winter-pullover/29366325"
"Renka Black Acrylic Pullovers",1036846,"http://www.flipkart.com/item/PLOEBJ72V72ZYGZW","http://www.snapdeal.com/product/page/636399088965"
"Renka Multi Color Poly Crepe Dresses",560573,"http://www.flipkart.com/item/DREE6ZHH7FBU2MRW","http://www.snapdeal.com/product/page/637000001016"
"Renka Purple Lycra Cotton Comfortable Tank Top For Women",561284,"http://www.flipkart.com/item/CSPE7JHGHRACTUGM","http://www.snapdeal.com/product/page/647626712881"
"Renka Multi Color Cotton Dresses",560615,"http://www.flipkart.com/item/DREE6ZHHD2BKHGAM","http://www.snapdeal.com/product/page/626034694097"
"Renka Orange Lycra Cotton Comfortable Tank Top For Women",561232,"http://www.flipkart.com/item/CSPE7JHGBUQTZDMD","http://www.snapdeal.com/product/page/670059984653"
"Renka Black Poly Georgette Dresses",560953,"http://www.flipkart.com/item/DREE79YNAHHHFSE6","http://www.snapdeal.com/product/page/631820461583"
"Renka Purple Cotton Blend Pullovers",1037609,"http://www.flipkart.com/item/PLOECRY7QSVAXWVS","http://www.snapdeal.com/product/page/479805208"
"Renka Purple Cotton Blend Pullovers",1037609,"http://www.flipkart.com/item/PLOECRY7QSVAXWVS","http://www.snapdeal.com//product/renka-purple-cotton-blend-pullovers/644434444911"
"Renka Blue Acrylic Pullovers",1036365,"http://www.flipkart.com/item/PLOEB32TKCYRZGUY","http://www.snapdeal.com//product/renka-blue-acrylic-pullovers/674250778356"
"Renka Blue Cotton Blend Skivvy",1036365,"http://www.flipkart.com/item/PLOEB32TKCYRZGUY","http://www.snapdeal.com/product/page/550841734"
"Renka Navy Polyester Dresses",560852,"http://www.flipkart.com/item/DREE79YNMYTCPYW2","http://www.snapdeal.com/product/page/630679947105"
"Renka Blue Lycra Cotton Comfortable Tank Top For Women",561298,"http://www.flipkart.com/item/CSPE7JHGQGJHSGV7","http://www.snapdeal.com/product/page/650634151916"
"Renka Comfortable Camel Color Camisole For Women (Pack Of 2)",561650,"http://www.flipkart.com/item/CSPE7M2QYZMXPKSC","http://www.snapdeal.com/product/page/632356614256"
"Renka Black Acrylic Pullovers",1037080,"http://www.flipkart.com/item/PLOEBJ72C3CUN2KY","http://www.snapdeal.com/product/page/686891402084"
"Renka Gray Acrylic Pullovers",1036854,"http://www.flipkart.com/item/PLOEBJ72JKPSXHHD","http://www.snapdeal.com/product/page/644872489954"
"Renka Blue Cotton Dresses",560812,"http://www.flipkart.com/item/DREE6ZHHSNZZJABY","http://www.snapdeal.com/product/page/646389313367"
"Renka Blue Round Neck Cotton Blend Pullovers",657458,"http://www.flipkart.com/item/TOPEY7H46Z2ZRUFZ","http://www.snapdeal.com/product/page/1324784254"
"Renka Red Acrylic Pullovers",1037248,"http://www.flipkart.com/item/PLOEBJ72ZGHEYQ8K","http://www.snapdeal.com//product/renka-red-acrylic-pullovers/684341469044"
"Renka Red Round Neck Cotton Blend Pullovers",1037248,"http://www.flipkart.com/item/PLOEBJ72ZGHEYQ8K","http://www.snapdeal.com/product/page/382455300"
"Renka Purple Acrylic Pullovers",1037254,"http://www.flipkart.com/item/PLOEBJ72NXDQNH6Y","http://www.snapdeal.com/product/page/649506620757"
"Renka Purple Cotton Blend Pullovers",1037254,"http://www.flipkart.com/item/PLOEBJ72NXDQNH6Y","http://www.snapdeal.com/product/page/144226246"
"Renka Navy Lycra Cotton Comfortable Tank Top For Women",561249,"http://www.flipkart.com/item/CSPE7JHGDKKH6EEE","http://www.snapdeal.com/product/page/632891381079"
"Renka Purple Cotton Blend Skivvy",657533,"http://www.flipkart.com/item/PLODZYXFHUHBX6GH","http://www.snapdeal.com/product/page/1206488063"
"Renka Purple Cotton Blend Skivvy",657480,"http://www.flipkart.com/item/PLODZYXFPCZNKH7S","http://www.snapdeal.com/product/page/871894657"
"Renka Black Georgette Dresses",695661,"http://www.flipkart.com/item/DREE9CZC7CZARGG7","http://www.snapdeal.com/product/page/675556998119"
"Renka Blue Acrylic Pullovers",1037277,"http://www.flipkart.com/item/PLOEBJ72R3T7FASY","http://www.snapdeal.com/product/page/637545552059"
"Renka Off-White Lycra Cotton Comfortable Tank Top For Women",561163,"http://www.flipkart.com/item/CSPE7JHGBHUV4HG3","http://www.snapdeal.com/product/page/636693274800"
"Renka Black Polyester Dresses",560922,"http://www.flipkart.com/item/DREE79YNNT4HH4M8","http://www.snapdeal.com/product/page/680740811349"
"Renka Black Poly Georgette Maxi Dress",560987,"http://www.flipkart.com/item/DREE7AWF8ZKA9QMB","http://www.snapdeal.com/product/page/686910151246"
"Renka Black Acrylic Pullovers",1037088,"http://www.flipkart.com/item/PLOEBJ72PRJGEHZX","http://www.snapdeal.com/product/page/651242164508"
"Renka Pink Acrylic Pullovers",1036227,"http://www.flipkart.com/item/PLOEB32TU84K3NTR","http://www.snapdeal.com//product/renka-pink-acrylic-pullovers/669730488266"
"Renka Pink Cotton Blend Skivvy",1036227,"http://www.flipkart.com/item/PLOEB32TU84K3NTR","http://www.snapdeal.com/product/page/1123259762"
"Renka Off White Lycra Cotton Comfortable Tank Top For Women",561354,"http://www.flipkart.com/item/CSPE7JHGHZDANFKW","http://www.snapdeal.com/product/page/622055876798"
"Renka Blue Acrylic Pullovers",1037706,"http://www.flipkart.com/item/PLOEBP45BKKJUVNH","http://www.snapdeal.com/product/page/644959108867"
"Renka Multi Color Cotton Dresses",560898,"http://www.flipkart.com/item/DREE79YNFHADCNWS","http://www.snapdeal.com/product/page/631284726055"
"Renka Gray Cotton Blend Pullovers",657449,"http://www.flipkart.com/item/PLOEY7H4JDT9GPTY","http://www.snapdeal.com/product/page/1223722142"
"Renka Gray Cotton Blend Pullovers",657553,"http://www.flipkart.com/item/PLOEY7H4DG8SHBC3","http://www.snapdeal.com/product/page/1223722142"
"Renka Multi Color Crepe Jumpsuits",695812,"http://www.flipkart.com/item/JUME9DS83RUHTY9F","http://www.snapdeal.com/product/page/659011135650"
"Renka Black Poly Georgette Dresses",560954,"http://www.flipkart.com/item/DREE79YNQGHGUHWM","http://www.snapdeal.com/product/page/631820461583"
"Renka Black Acrylic Pullovers",1036609,"http://www.flipkart.com/item/PLOEB32TZWVUB2D6","http://www.snapdeal.com/product/page/624313765062"
"Renka Peachpuff Poly Georgette Dresses",560849,"http://www.flipkart.com/item/DREE6ZHH2ZRWRV8B","http://www.snapdeal.com/product/page/656240371327"
"Renka Pink Acrylic Pullovers",1037619,"http://www.flipkart.com/item/PLOEBP45HUKXFXJE","http://www.snapdeal.com//product/renka-pink-acrylic-pullovers/645056471387"
"Renka Pink Cotton Blend Pullovers",1037619,"http://www.flipkart.com/item/PLOEBP45HUKXFXJE","http://www.snapdeal.com/product/page/316292799"
"Renka Black Poly Georgette Maxi Dress",560989,"http://www.flipkart.com/item/DREE7AWFXFNSRJXU","http://www.snapdeal.com/product/page/686910151246"
"Renka Multi Color Cotton Jumpsuits",695648,"http://www.flipkart.com/item/JUME9DS8GPY3GECZ","http://www.snapdeal.com/product/page/656401285523"
"Renka Black Cotton Blend Pullovers",1037512,"http://www.flipkart.com/item/PLOEBP45QZCUS57J","http://www.snapdeal.com/product/page/1873109574"
"Renka Black Cotton Blend Pullovers",1037512,"http://www.flipkart.com/item/PLOEBP45QZCUS57J","http://www.snapdeal.com//product/renka-black-cotton-blend-pullovers/680484232422"
"Renka Ghostwhite Poly Georgette Dresses",560938,"http://www.flipkart.com/item/DREE79YNVYVUFTAA","http://www.snapdeal.com/product/page/633232035745"
"Renka Maroon Poly Georgette Dresses",560579,"http://www.flipkart.com/item/DREE6ZHHZSZUYDWA","http://www.snapdeal.com/product/page/625409761935"
"Renka Purple Acrylic Pullovers",1037099,"http://www.flipkart.com/item/PLOEBJ729QGQUWZR","http://www.snapdeal.com/product/page/632665016194"
"Renka Multi Color Crepe Dresses",695820,"http://www.flipkart.com/item/DREE9CZCPDY8YGHC","http://www.snapdeal.com/product/page/683330616652"
"Renka White Lycra Cotton Comfortable Tank Top For Women",561153,"http://www.flipkart.com/item/CSPE7JHGYQQFTMTQ","http://www.snapdeal.com/product/page/632003271215"
"Renka Beige Cotton Blend Skivvy",657470,"http://www.flipkart.com/item/PLODZYXFJ7F4UVQ2","http://www.snapdeal.com/product/page/919768485"
"Renka Red Lycra Cotton Comfortable Tank Top For Women",561372,"http://www.flipkart.com/item/CSPE7JHGVWVNHERF","http://www.snapdeal.com/product/page/627266119852"
"Renka Pink Cotton Blend Pullovers",657548,"http://www.flipkart.com/item/TOPEY7H4QZGH8NYE","http://www.snapdeal.com/product/page/1469947898"
